MACHINES_M3_MODELE;MACHINES_M3_MODELE_SHORT;MACHINES_M3_MODELE_SHORT_LIB
4 RE 20 C;4_RE;4 RE
4 RE 20 CL;4_RE;4 RE
4 RE 25 C;4_RE;4 RE
4 RE 25 CL;4_RE;4 RE
4 RE 25 HP;4_RE;4 RE
4 RE 25 HP S3;4_RE;4 RE
4 RE 25 RH;4_RE;4 RE
4 RE 30;4_RE;4 RE
4 RE 30 H;4_RE;4 RE
4 RE 30 HD;4_RE;4 RE
4 RE 30 HP;4_RE;4 RE
4 RE 30 RH;4_RE;4 RE
4 RE 30 RHD;4_RE;4 RE
4 RE 35 RH;4_RE;4 RE
4 RE 40 HD;4_RE;4 RE
4 RE 40 HP;4_RE;4 RE
4 RE 40 HP USA;4_RE;4 RE
4 RE 40 RHF;4_RE;4 RE
4 RE 40 RHF USA;4_RE;4 RE
4 RE 60 H;4_RE;4 RE
4 RE 60 H USA;4_RE;4 RE
4 RE 60 HP S;4_RE;4 RE
4 RE 70 H;4_RE;4 RE
4 RE 70 HP S;4_RE;4 RE
4 RE 75 H;4_RE;4 RE
4 RM 20;4_RM;4 RM
4 RM 20 AM;4_RM;4 RM
4 RM 20 C;4_RM;4 RM
4 RM 20 C GB;4_RM;4 RM
4 RM 20 DM;4_RM;4 RM
4 RM 20 FA;4_RM;4 RM
4 RM 20 G;4_RM;4 RM
4 RM 20 GA;4_RM;4 RM
4 RM 20 HG;4_RM;4 RM
4 RM 20 HP;4_RM;4 RM
4 RM 20 HP M;4_RM;4 RM
4 RM 20 HP S3;4_RM;4 RM
4 RM 20 HP USA;4_RM;4 RM
4 RM 22 H;4_RM;4 RM
4 RM 22 NP;4_RM;4 RM
4 RM 25 A;4_RM;4 RM
4 RM 25 C;4_RM;4 RM
4 RM 25 F;4_RM;4 RM
4 RM 25 FA;4_RM;4 RM
4 RM 25 FC;4_RM;4 RM
4 RM 25 FP;4_RM;4 RM
4 RM 25 G;4_RM;4 RM
4 RM 25 GA;4_RM;4 RM
4 RM 25 H;4_RM;4 RM
4 RM 25 M;4_RM;4 RM
4 RM 25 TC;4_RM;4 RM
4 RM 26 C;4_RM;4 RM
4 RM 26 N;4_RM;4 RM
4 RM 26 N S2;4_RM;4 RM
4 RM 26 N S3;4_RM;4 RM
4 RM 26 NC;4_RM;4 RM
4 RM 26 NC USA;4_RM;4 RM
4 RM 26 NF;4_RM;4 RM
4 RM 26 NP;4_RM;4 RM
4 RM 26 NPE;4_RM;4 RM
4 RM 26 PC;4_RM;4 RM
4 RM 26 SN S2;4_RM;4 RM
4 RM 30;4_RM;4 RM
4 RM 30 G;4_RM;4 RM
4 RM 30 HD;4_RM;4 RM
4 RM 30 HP;4_RM;4 RM
4 RM 30 N;4_RM;4 RM
4 RM 30 N JUBILE;4_RM;4 RM
4 RM 30 N S2;4_RM;4 RM
4 RM 30 N S3;4_RM;4 RM
4 RM 30 NC;4_RM;4 RM
4 RM 30 NC S2;4_RM;4 RM
4 RM 30 NC USA;4_RM;4 RM
4 RM 30 NP;4_RM;4 RM
4 RM 30 NP USA;4_RM;4 RM
4 RM 30 PC;4_RM;4 RM
4 RM 30 SN S2;4_RM;4 RM
4 RM 35;4_RM;4 RM
4 RM 35 B;4_RM;4 RM
4 RM 35 C;4_RM;4 RM
4 RM 35 K;4_RM;4 RM
4 RM 35 N S2;4_RM;4 RM
4 RM 36 K;4_RM;4 RM
4 RM 40;4_RM;4 RM
4 RM 40 B;4_RM;4 RM
4 RM 40 C;4_RM;4 RM
4 RM 40 K;4_RM;4 RM
4 RM 50 C;4_RM;4 RM
4 RM 50 H;4_RM;4 RM
4 RM 50 K;4_RM;4 RM
25/20 CL;25/20_CL;25/20 CL
28 EVM;28_EVM;28 EVM
43 E;43_E;43 E
45/50;45/50_;45/50
60 V;60_V;60 V
65 EX;65_EX;65 EX
75 EX;75_EX;75 EX
78 SEC;78_SEC;78 SEC
78 SEC 2;78_SEC;78 SEC
78 XE;78_XE;78 XE
80 ELX;80_ELX;80 ELX
80 EX;80_EX;80 EX
80 V;80_V;80 V
80 VJR;80_VJR;80 VJR
80 VJR EVOLUTION;80_VJR;80 VJR
80 VR;80_VR;80 VR
80 XEL;80_XEL;80 XEL
81 XE;81_XE;81 XE
90 V AIR;90_V;90 V
100 AE;100_AE;100 AE
100 DLX;100_DLX;100 DLX
100 ELX;100_ELX;100 ELX
100 SC;100_SC;100 SC
100 SC2;100_SC2;100 SC2
100 SEC;100_SEC;100 SEC
100 SEC 2;100_SEC;100 SEC
100 TM;100_TM;100 TM
100 VJR EVOLUTION;100_VJR;100 VJR
100 VJR EVOLUTION AUS;100_VJR;100 VJR
100 XEL;100_XEL;100 XEL
105 VJR;105_VJR;105 VJR
105 VJR2;105_VJR2;105 VJR2
110 ELX;110_ELX;110 ELX
110 VJR2;110_VJR2;110 VJR2
120 AE;120_AE;120 AE
120 AETJ;120_AETJ;120 AETJ
120 AETJ COMPACT;120_AETJ;120 AETJ
120 AETJ COMPACT 2;120_AETJ;120 AETJ
120 AETJ COMPACT 2 3D;120_AETJ;120 AETJ
120 AETJ COMPACT 3D;120_AETJ;120 AETJ
120 AETJL;120_AETJL;120 AETJL
120 DLX;120_DLX;120 DLX
120 ELX;120_ELX;120 ELX
120 SC;120_SC;120 SC
120 SC2;120_SC2;120 SC2
120 SE;120_SE;120 SE
120 SE 2;120_SE;120 SE
120 TH;120_TH;120 TH
120 TM;120_TM;120 TM
120 XEL;120_XEL;120 XEL
124 M;124_M;124 M
140 SC2;140_SC2;140 SC2
145 DLX;145_DLX;145 DLX
150 AET;150_AET;150 AET
150 AET2;150_AET2;150 AET2
150 AETJ COMPACT;150_AETJ;150 AETJ
150 AETJ COMPACT 3D;150_AETJ;150 AETJ
150 AETJL;150_AETJL;150 AETJL
150 AETJL BI-ENERGY;150_AETJL;150 AETJL
150 ATS;150_ATS;150 ATS
150 ATS2;150_ATS2;150 ATS2
150 ATT;150_ATT;150 ATT
150 TP;150_TP;150 TP
150_AETJ_COMPACT;150_AETJ_COMPACT_;150_AETJ_COMPACT
160 ATJ;160_ATJ;160 ATJ
160 ATJ E3;160_ATJ;160 ATJ
160 ATJ PLUS;160_ATJ;160 ATJ
160 ATJ PLUS E3;160_ATJ;160 ATJ
160 ATJ PLUS RC;160_ATJ;160 ATJ
160 ATJ PLUS RC E3;160_ATJ;160 ATJ
160 ATJ RC E3;160_ATJ;160 ATJ
160 ATJ S E3;160_ATJ;160 ATJ
160 ATJ+;160_ATJ+;160 ATJ+
160 ATJS;160_ATJS;160 ATJS
165 ATJ;165_ATJ;165 ATJ
165 ATJS;165_ATJS;165 ATJS
170 AETJL;170_AETJL;170 AETJL
170 AETJL BI-ENERGY;170_AETJL;170 AETJL
170 ATT;170_ATT;170 ATT
171 AET;171_AET;171 AET
180 ATJ;180_ATJ;180 ATJ
180 ATJ 2 E3;180_ATJ;180 ATJ
180 ATJ 2 RC E3;180_ATJ;180 ATJ
180 ATJ E3;180_ATJ;180 ATJ
180 ATJ RC E3;180_ATJ;180 ATJ
180 ATJS E3;180_ATJS;180 ATJS
200 ATJ;200_ATJ;200 ATJ
200 ATJ RC;200_ATJ;200 ATJ
200 WT;200_WT;200 WT
200 WTJ;200_WTJ;200 WTJ
220 TJ;220_TJ;220 TJ
220 TJ+;220_TJ+;220 TJ+
226 J;226_J;226 J
230 CTJ;230_CTJ;230 CTJ
230 J;230_J;230 J
230 WT MANIACCESS;230_WT;230 WT
230 WTJ;230_WTJ;230 WTJ
260 TJ;260_TJ;260 TJ
280 TJ;280_TJ;280 TJ
426 N;426_N;426 N
430 N;430_N;430 N
834 - 4 TC;834_-;834 -
836 - 4 TC;836_-;836 -
934  4 TC;934_;934
1050R;1050R_;1050R
1134 - 4 TC;1134_-;1134 -
1350R;1350R_;1350R
1350R - EU;1350R_-;1350R -
1350R - X;1350R_-;1350R -
1500R;1500R_;1500R
1500R - EU;1500R_-;1500R -
1650R;1650R_;1650R
1650R - EU;1650R_-;1650R -
1650R TR ONLY;1650R_TR;1650R TR
1750 RT;1750_RT;1750 RT
1750RT;1750RT_;1750RT
1750RT NXT2 EU;1750RT_NXT2;1750RT NXT2
1750RT NXT2 T4 EU;1750RT_NXT2;1750RT NXT2
1750RT NXT3 T4 EU;1750RT_NXT3;1750RT NXT3
1900R;1900R_;1900R
1900R - X;1900R_-;1900R -
1900R TR ONLY;1900R_TR;1900R TR
1900R UE;1900R_UE;1900R UE
2032 E;2032_E;2032 E
2100 RT;2100_RT;2100 RT
2100RT NXT2 EU;2100RT_NXT2;2100RT NXT2
2100RT NXT2 T4 EU;2100RT_NXT2;2100RT NXT2
2100RT NXT3 T4 EU;2100RT_NXT3;2100RT NXT3
2200R;2200R_;2200R
2200R - X;2200R_-;2200R -
2200R UE;2200R_UE;2200R UE
2532 E;2532_E;2532 E
2548 E;2548_E;2548 E
2600R;2600R_;2600R
2600R TR ONLY;2600R_TR;2600R TR
2600R UE;2600R_UE;2600R UE
2700V NXT2 TR ONLY;2700V_NXT2;2700V NXT2
3146 E;3146_E;3146 E
3154 E;3154_E;3154 E
3300V - X;3300V_-;3300V -
3887 D 4RM;3887_D;3887 D
4000V;4000V_;4000V
4000V - EU;4000V_-;4000V -
4000V X;4000V_X;4000V X
A 170                                                      B;A_170;A 170
AC 240                                                     B;AC_240;AC 240
ACCESSOIRE SPECIAL EN DETAIL;ACCESSOIRE_SPECIAL;ACCESSOIRE SPECIAL
ACCESSOIRE SPECIAL EN DETAIL ANCENIS;ACCESSOIRE_SPECIAL;ACCESSOIRE SPECIAL
ACCESSOIRE SPECIAL EN DETAIL BEAUPREAU;ACCESSOIRE_SPECIAL;ACCESSOIRE SPECIAL
ACCESSOIRE SPECIAL EN DETAIL OEM;ACCESSOIRE_SPECIAL;ACCESSOIRE SPECIAL
AETJ 43;AETJ_43;AETJ 43
AETJ 43 3D;AETJ_43;AETJ 43
AETJ 49;AETJ_49;AETJ 49
AF 60;AF_60;AF 60
AF 60 E;AF_60;AF 60
AF 80;AF_80;AF 80
AF 100;AF_100;AF 100
AL 65;AL_65;AL 65
AL 70 E;AL_70;AL 70
AL 70 E S2;AL_70;AL 70
AL 75;AL_75;AL 75
AL 80 POWER;AL_80;AL 80
AL 80 POWER AVEC TETE ATTELAGE ZETTELMEYER;AL_80;AL 80
AL 85 S2;AL_85;AL 85
AL 85 T;AL_85;AL 85
AL 95;AL_95;AL 95
AL 100;AL_100;AL 100
AL 100 POWER;AL_100;AL 100
AL 100 STANDARD BASE UNIT - EU;AL_100;AL 100
AL 100 T;AL_100;AL 100
AL 100 T POWER;AL_100;AL 100
AL 100 T S2;AL_100;AL 100
AL 100 TI;AL_100;AL 100
AL 100 TI S2;AL_100;AL 100
AL 120 POWER;AL_120;AL 120
AL 180                                                     B;AL_180;AL 180
AL 200;AL_200;AL 200
AL 200 Standard Base Unit - EU;AL_200;AL 200
AL 200 ;AL_200 ;AL 200 
AL 240;AL_240;AL 240
AL 300;AL_300;AL 300
AL 300 STANDARD BASE UNIT - EU;AL_300;AL 300
AL 400;AL_400;AL 400
AL 400 Standard Base Unit - EU;AL_400;AL 400
AL 406;AL_406;AL 406
AL 500;AL_500;AL 500
AL 500 STANDARD BASE UNIT - EU;AL_500;AL 500
AL 600;AL_600;AL 600
AL 700;AL_700;AL 700
AL300;AL300_;AL300
AL500;AL500_;AL500
AL600;AL600_;AL600
AL700;AL700_;AL700
ART 182                                                    B;ART_182;ART 182
AS 11;AS_11;AS 11
AS 14;AS_14;AS 14
AS 14 S;AS_14;AS 14
AS 45 CHARGEUSE A BRAS PIVOT.;AS_45;AS 45
AS 45 S;AS_45;AS 45
AS 50;AS_50;AS 50
AS 65;AS_65;AS 65
AS 70;AS_70;AS 70
AS 85;AS_85;AS 85
AS 90;AS_90;AS 90
AS 150 S - 40 KM/H;AS_150;AS 150
AS 150 S S2;AS_150;AS 150
AS 150 S2;AS_150;AS 150
AS 200;AS_200;AS 200
AS 200 S;AS_200;AS 200
AS 210;AS_210;AS 210
AS 210 A - 20 Km/H;AS_210;AS 210
AS 210 S;AS_210;AS 210
AS 210 S TABLIER TYPE AS 200-AS18;AS_210;AS 210
AS 210 TABLIER TYPE AS 200-AS18;AS_210;AS 210
AT 628;AT_628;AT 628
AT 735 T TUV;AT_735;AT 735
AT 1330 SLT;AT_1330;AT 1330
AVT 935 C TURBO;AVT_935;AVT 935
AX 70;AX_70;AX 70
AX 85;AX_85;AX 85
AZ 190                                                     B;AZ_190;AZ 190
AZ 230                                                     B;AZ_230;AZ 230
AZ 300                                                     B;AZ_300;AZ 300
B 180                                                      B;B_180;B 180
B 240                                                      B;B_240;B 240
B 340                                                      B;B_340;B 340
BA 340                                                     B;BA_340;BA 340
BC 240                                                     B;BC_240;BC 240
BE 340                                                     B;BE_340;BE 340
BEL 240                                                    B;BEL_240;BEL 240
BEL 340                                                    B;BEL_340;BEL 340
BG 330                                                     B;BG_330;BG 330
BG 340                                                     B;BG_340;BG 340
BG 440                                                     B;BG_440;BG 440
BG 500;BG_500;BG 500
BG 500                                                     B;BG_500;BG 500
BH 330                                                     B;BH_330;BH 330
BH 340;BH_340;BH 340
BH 340                                                     B;BH_340;BH 340
BIO 330                                                    B;BIO_330;BIO 330
BL 22;BL_22;BL 22
BL 25 S;BL_25;BL 25
BM 330                                                     B;BM_330;BM 330
BM 350                                                     B;BM_350;BM 350
BM 500                                                     B;BM_500;BM 500
BSI 190 ELECT. TRI                                         B;BSI_190;BSI 190
BSI 190 ELECTR MONO                                        B;BSI_190;BSI 190
BSI 190 S ESSENCE ROBIN                                    B;BSI_190;BSI 190
BSI 190 SL                                                 B;BSI_190;BSI 190
BSI 190 SL MONOPHASEE                                      B;BSI_190;BSI 190
BSI 190 SL MONOPHASEE B;BSI_190;BSI 190
BSI 190 SL TRIPHASEE                                       B;BSI_190;BSI 190
BSI 190L ESSENCE ROBIN                                     B;BSI_190L;BSI 190L
BSI 190L ESSENCE ROBIN B;BSI_190L;BSI 190L
BSI 280 S;BSI_280;BSI 280
BSI 340 S;BSI_340;BSI 340
BT 420;BT_420;BT 420
BT 420 S2;BT_420;BT 420
BT 420 S3 E2;BT_420;BT 420
BT 420 S4 E3;BT_420;BT 420
BT 425;BT_425;BT 425
BT 425 S2;BT_425;BT 425
BT 425 S3 E2;BT_425;BT 425
BT 425 S4 E3;BT_425;BT 425
BTI 220;BTI_220;BTI 220
BTI 220 S2;BTI_220;BTI 220
BTI 220 S3 E2;BTI_220;BTI 220
BTI 225;BTI_225;BTI 225
BTI 225 S2;BTI_225;BTI 225
BV 244;BV_244;BV 244
BV 344;BV_344;BV 344
CD 15 P;CD_15;CD 15
CD 18 P;CD_18;CD 18
CD 20 P;CD_20;CD 20
CD 25 P;CD_25;CD 25
CD 30 P;CD_30;CD 30
CD 35 P;CD_35;CD 35
CE 10;CE_10;CE 10
CE 15;CE_15;CE 15
CG 15 P;CG_15;CG 15
CG 18 P;CG_18;CG 18
CG 20 P;CG_20;CG 20
CG 25 P;CG_25;CG 25
CG 30 P;CG_30;CG 30
CG 35 P;CG_35;CG 35
CI 10;CI_10;CI 10
CI 12 PF;CI_12;CI 12
CI 20;CI_20;CI 20
CI 225 H;CI_225;CI 225
CI 250 H;CI_250;CI 250
CI 275 H;CI_275;CI 275
CP 250;CP_250;CP 250
CP 250 USA;CP_250;CP 250
CP 300;CP_300;CP 300
CPE 250;CPE_250;CPE 250
CT 6-18 TURBO SC E3;CT_6-18;CT 6-18
CT 7-23 TURBO SC E2;CT_7-23;CT 7-23
CT 7-23 TURBO SD E3;CT_7-23;CT 7-23
CT 30;CT_30;CT 30
CT 40;CT_40;CT 40
CT 50;CT_50;CT 50
D 21;D_21;D 21
D 25;D_25;D 25
D 80 E;D_80;D 80
D 80 ER;D_80;D 80
D 80 ERS;D_80;D 80
DP GEHLMAX RD 6/6.6D HX;DP_GEHLMAX;DP GEHLMAX
DP GEHLMAX RD 8/13D;DP_GEHLMAX;DP GEHLMAX
DP GEHLMAX RD 8/13D HX;DP_GEHLMAX;DP GEHLMAX
DPR 20;DPR_20;DPR 20
DPR 20 S2;DPR_20;DPR 20
DPR 25;DPR_25;DPR 25
DPR 25 S2;DPR_25;DPR 25
DPR 25 S3;DPR_25;DPR 25
DPR 30;DPR_30;DPR 30
DPR 30 S2;DPR_30;DPR 30
DPR 30 S3;DPR_30;DPR 30
DRA 20 M;DRA_20;DRA 20
DRA 25 HA;DRA_25;DRA 25
DRA 25 M;DRA_25;DRA 25
DRA 30 HA;DRA_30;DRA 30
DRA 30 M;DRA_30;DRA 30
DRA 30 MA;DRA_30;DRA 30
DRA 40 H;DRA_40;DRA 40
DRA 50 H;DRA_50;DRA 50
DRA 60 H;DRA_60;DRA 60
DRT 30;DRT_30;DRT 30
EMA 15;EMA_15;EMA 15
EMA 18;EMA_18;EMA 18
EMA 18 S;EMA_18;EMA 18
EMA 20;EMA_20;EMA 20
EMA II 13 COMPACT;EMA_II;EMA II
EMA II 17;EMA_II;EMA II
EMA II 18 HL-2;EMA_II;EMA II
EMA II 20;EMA_II;EMA II
EMA II 20 HD-1;EMA_II;EMA II
EMA II 20 HD-2;EMA_II;EMA II
EP 15 540X1150;EP_15;EP 15
EP 16S AC;EP_16S;EP 16S
EP 18S 540X1150;EP_18S;EP 18S
EP 18S AC;EP_18S;EP 18S
EP 20S AC;EP_20S;EP 20S
EP 22 M AC;EP_22;EP 22
EP 22M AC;EP_22M;EP 22M
EP 22S AC;EP_22S;EP 22S
EP 22SPFR6 540X950;EP_22SPFR6;EP 22SPFR6
EP 730;EP_730;EP 730
EP 740;EP_740;EP 740
EP 750;EP_750;EP 750
ER 16;ER_16;ER 16
ES 410;ES_410;ES 410
ES 410 FR;ES_410;ES 410
ES 410 LE 850;ES_410;ES 410
ES 410 LE 1050;ES_410;ES 410
ES 410 LE 1250;ES_410;ES 410
ES 412;ES_412;ES 412
ES 412 FR;ES_412;ES 412
ES 412 LE 1250 AC;ES_412;ES 412
ES 420 DL;ES_420;ES 420
ES 420 DL FR;ES_420;ES 420
ES 504 GPF;ES_504;ES 504
ES 507 GPF;ES_507;ES 507
ES 510 GPF;ES_510;ES 510
ES 612 AC LI;ES_612;ES 612
ES 612 LI SV;ES_612;ES 612
ES 614 AC FR;ES_614;ES 614
ES 614 AC LI;ES_614;ES 614
ES 614 FR 5PTS AC;ES_614;ES 614
ES 614 FR AC;ES_614;ES 614
ES 614 FR SL;ES_614;ES 614
ES 614 FR SL GC;ES_614;ES 614
ES 614 FR SV;ES_614;ES 614
ES 614 FR SV GC;ES_614;ES 614
ES 614 LI 5PTS AC;ES_614;ES 614
ES 614 LI SL;ES_614;ES 614
ES 614 LI SL GC;ES_614;ES 614
ES 614 LI SV;ES_614;ES 614
ES 614 LI SV GC;ES_614;ES 614
ES 616 AC FR;ES_616;ES 616
ES 616 AC LI;ES_616;ES 616
ES 616 FR 5PTS AC;ES_616;ES 616
ES 616 FR AC;ES_616;ES 616
ES 616 FR SL;ES_616;ES 616
ES 616 FR SV;ES_616;ES 616
ES 616 FR SV GC;ES_616;ES 616
ES 616 LI 5PTS AC;ES_616;ES 616
ES 616 LI AC;ES_616;ES 616
ES 616 LI SV;ES_616;ES 616
ES 713 GPF;ES_713;ES 713
ES 713 GPFR;ES_713;ES 713
ES 716 GPF;ES_716;ES 716
ES 720 FR;ES_720;ES 720
ES 720 GPF;ES_720;ES 720
ES 725 FR;ES_725;ES 725
ES 730 FR;ES_730;ES 730
ES 820 FR AC;ES_820;ES 820
ES 820 FR SL;ES_820;ES 820
ES 820 FR SV;ES_820;ES 820
ES 820 LI SV;ES_820;ES 820
EV 315;EV_315;EV 315
FB 30;FB_30;FB 30
G 240                                                      B;G_240;G 240
G 330                                                      B;G_330;G 330
G 340;G_340;G 340
G 360                                                      B;G_360;G 360
G 440                                                      B;G_440;G 440
G 500                                                      B;G_500;G 500
GC 340                                                     B;GC_340;GC 340
GE 340                                                     B;GE_340;GE 340
GPA35: CFG C X349 1T FSV;GPA35:_CFG;GPA35: CFG
GPA35: CFG D X349 2T V;GPA35:_CFG;GPA35: CFG
GPA35: CFG F X349 2T FSV;GPA35:_CFG;GPA35: CFG
GPA35: CFG G X349 3T V;GPA35:_CFG;GPA35: CFG
GPA35: CFG I X349 3T FSV;GPA35:_CFG;GPA35: CFG
GPA35: CFG J X349 3T5 V;GPA35:_CFG;GPA35: CFG
GPA36: CFG A X888 1T V;GPA36:_CFG;GPA36: CFG
GPA36: CFG C X888 1T FSV;GPA36:_CFG;GPA36: CFG
GPA36: CFG D X888 2T V;GPA36:_CFG;GPA36: CFG
GPA36: CFG F X888 2T FSV;GPA36:_CFG;GPA36: CFG
GPA36: CFG G X888 2T FSW;GPA36:_CFG;GPA36: CFG
GPA36: CFG H X888 3T V;GPA36:_CFG;GPA36: CFG
GPA36: CFG I X888 3T FV;GPA36:_CFG;GPA36: CFG
GPA36: CFG J X888 3T FSV;GPA36:_CFG;GPA36: CFG
GPA36: CFG L X888 3T5 V;GPA36:_CFG;GPA36: CFG
GPA36: CFG M X888 3T5 FV;GPA36:_CFG;GPA36: CFG
GPA36: CFG N X888 3T5 FSV;GPA36:_CFG;GPA36: CFG
GPA36: CFG O X888 2K V;GPA36:_CFG;GPA36: CFG
GPA36: CFG Q X888 2K FSV;GPA36:_CFG;GPA36: CFG
GR 20 J;GR_20;GR 20
GR 26 J;GR_26;GR 26
GR 26 J ANSI;GR_26;GR 26
GS 250 MONOPHASE;GS_250;GS 250
H 330                                                      B;H_330;H 330
HE 340                                                     B;HE_340;HE 340
HE 340 P;HE_340;HE 340
HM 500                                                     B;HM_500;HM 500
HMG 500                                                    B;HMG_500;HMG 500
HP 244;HP_244;HP 244
HT 400                                                     B;HT_400;HT 400
HT 500                                                     B;HT_500;HT 500
HYDRO 300;HYDRO_300;HYDRO 300
HYDRO 500;HYDRO_500;HYDRO 500
IH 25-25 TC;IH_25-25;IH 25-25
IH 25-30 TC;IH_25-30;IH 25-30
IH 25/20;IH_25/20;IH 25/20
IH 25/20 C;IH_25/20;IH 25/20
IH 25/20 G;IH_25/20;IH 25/20
IH 25/30;IH_25/30;IH 25/30
IH 25/30 C;IH_25/30;IH 25/30
IH 25/30 F;IH_25/30;IH 25/30
IH 25/30 G;IH_25/30;IH 25/30
IH 25/50;IH_25/50;IH 25/50
IH 26/30 D;IH_26/30;IH 26/30
IH 45-25 RH;IH_45-25;IH 45-25
IH 45-30 RH;IH_45-30;IH 45-30
IH 45/20 C;IH_45/20;IH 45/20
IH 45/25 G;IH_45/25;IH 45/25
IH 45/30 G;IH_45/30;IH 45/30
IH 45/40 RH USA;IH_45/40;IH 45/40
J/SH  40/14/50;J/SH_;J/SH
J/SH 30/12/35V;J/SH_30/12/35V;J/SH 30/12/35V
J/SH 30/14/40;J/SH_30/14/40;J/SH 30/14/40
J/SH 35/12/37;J/SH_35/12/37;J/SH 35/12/37
J/SH 40;J/SH_40;J/SH 40
J/SH 40/12/40PNEUS: AIR 27 X 10-12;J/SH_40/12/40PNEUS:;J/SH 40/12/40PNEUS:
J/SH 40/14/40;J/SH_40/14/40;J/SH 40/14/40
J/SH 40/14/45;J/SH_40/14/45;J/SH 40/14/45
J/SH 40/14/47;J/SH_40/14/47;J/SH 40/14/47
J/SH 40/14/55 TV;J/SH_40/14/55;J/SH 40/14/55
J/SH 40/14/60 TV;J/SH_40/14/60;J/SH 40/14/60
J/SH 50;J/SH_50;J/SH 50
J/SH 50/12/55;J/SH_50/12/55;J/SH 50/12/55
J/SH 60/14/40;J/SH_60/14/40;J/SH 60/14/40
J/SHK 50/14/40;J/SHK_50/14/40;J/SHK 50/14/40
J/SHK 50/14/45;J/SHK_50/14/45;J/SHK 50/14/45
J/SHK 50/14/50;J/SHK_50/14/50;J/SHK 50/14/50
J/SHK 50/16/50;J/SHK_50/16/50;J/SHK 50/16/50
J/SHK 50/16/55;J/SHK_50/16/55;J/SHK 50/16/55
J/SHKP 40/14/40;J/SHKP_40/14/40;J/SHKP 40/14/40
J/SHKP 40/14/45;J/SHKP_40/14/45;J/SHKP 40/14/45
J/SHKP 40/14/45 TV;J/SHKP_40/14/45;J/SHKP 40/14/45
J/SHKP 50/14/40;J/SHKP_50/14/40;J/SHKP 50/14/40
J/SHKP 50/14/50;J/SHKP_50/14/50;J/SHKP 50/14/50
J/SHKP 50/16/50;J/SHKP_50/16/50;J/SHKP 50/16/50
J/SHKP 50/16/55;J/SHKP_50/16/55;J/SHKP 50/16/55
J/SHP 30/15/40;J/SHP_30/15/40;J/SHP 30/15/40
J/SHP 40/12/40;J/SHP_40/12/40;J/SHP 40/12/40
J/SHP 40/12/50 V;J/SHP_40/12/50;J/SHP 40/12/50
J/SHP 40/14/40;J/SHP_40/14/40;J/SHP 40/14/40
J/SHP 40/14/40 C;J/SHP_40/14/40;J/SHP 40/14/40
J/SHP 40/14/40 R;J/SHP_40/14/40;J/SHP 40/14/40
J/SHP 40/14/45;J/SHP_40/14/45;J/SHP 40/14/45
J/SHP 40/14/55;J/SHP_40/14/55;J/SHP 40/14/55
J/SHP 50/14/40;J/SHP_50/14/40;J/SHP 50/14/40
J/SHP 60/14/40;J/SHP_60/14/40;J/SHP 60/14/40
J/SHP 60/14/55;J/SHP_60/14/55;J/SHP 60/14/55
J/SHPG 30/14/40;J/SHPG_30/14/40;J/SHPG 30/14/40
J/SL 50;J/SL_50;J/SL 50
J/SL 50/15/40;J/SL_50/15/40;J/SL 50/15/40
J/SL 60;J/SL_60;J/SL 60
J/SL 60/14/40;J/SL_60/14/40;J/SL 60/14/40
J/SL 70/14/40;J/SL_70/14/40;J/SL 70/14/40
J/SLN 40;J/SLN_40;J/SLN 40
J/SN 40;J/SN_40;J/SN 40
J/SN 40/14/48;J/SN_40/14/48;J/SN 40/14/48
J/SN 50;J/SN_50;J/SN 50
J/SN 50/14/40;J/SN_50/14/40;J/SN 50/14/40
J/SN G 40/14/57/TV;J/SN_G;J/SN G
J/SNE 30/14/40;J/SNE_30/14/40;J/SNE 30/14/40
J/SNE 50/14/45;J/SNE_50/14/45;J/SNE 50/14/45
JPV;JPV_;JPV
KD HAWK 30-2;KD_HAWK;KD HAWK
KD HAWK 30-2 H;KD_HAWK;KD HAWK
KD HAWK 30-2 PE;KD_HAWK;KD HAWK
KD HAWK 30-4 PE;KD_HAWK;KD HAWK
KD HAWK 30-4H;KD_HAWK;KD HAWK
KLEOS;KLEOS_;KLEOS
KLEOS DHM 250 D15;KLEOS_DHM;KLEOS DHM
KLEOS EB 250 D18;KLEOS_EB;KLEOS EB
KLEOS EB 250 D25;KLEOS_EB;KLEOS EB
KLEOS EB 500 D18;KLEOS_EB;KLEOS EB
KLEOS EB 500 D25;KLEOS_EB;KLEOS EB
KLEOS EB 1000 S16;KLEOS_EB;KLEOS EB
KLEOS HM 250 D18;KLEOS_HM;KLEOS HM
KLEOS HM 250 D25;KLEOS_HM;KLEOS HM
KLEOS HM 500 D18;KLEOS_HM;KLEOS HM
KLEOS HM 500 D25;KLEOS_HM;KLEOS HM
KLEOS HM 1000 S16;KLEOS_HM;KLEOS HM
KR 20;KR_20;KR 20
KR 25;KR_25;KR 25
KR 25 USA;KR_25;KR 25
KR 40;KR_40;KR 40
L 180                                                      B;L_180;L 180
L 230                                                      B;L_230;L 230
L 240                                                      B;L_240;L 240
L 340                                                      B;L_340;L 340
LC 180                                                     B;LC_180;LC 180
LC 240                                                     B;LC_240;LC 240
LC 240 N;LC_240;LC 240
LC 340                                                     B;LC_340;LC 340
LC 340 N;LC_340;LC 340
LE 190                                                     B;LE_190;LE 190
LE 230                                                     B;LE_230;LE 230
LE 300                                                     B;LE_300;LE 300
LE 310                                                     B;LE_310;LE 310
LE 340                                                     B;LE_340;LE 340
LM 410 ANPTMC;LM_410;LM 410
LM 410 ATPTHC;LM_410;LM 410
LM 410 ATPTMC;LM_410;LM 410
LM 415A 95 (ME);LM_415A;LM 415A
LM 415A 95 (MR);LM_415A;LM 415A
LM 415A 110 (HP);LM_415A;LM 415A
LM 415A 110 (MR);LM_415A;LM 415A
LM 420 ATPSHC;LM_420;LM 420
LM 425 ATPTHC;LM_425;LM 425
LM 425A 110 (HP);LM_425A;LM 425A
LM 425A 110 (MR);LM_425A;LM 425A
LM 430 ATPSHC;LM_430;LM 430
LM 430 ATPTHC;LM_430;LM 430
LM 430 ATPTMC;LM_430;LM 430
LM 435A 95 (ME);LM_435A;LM 435A
LM 435A 95 (MR);LM_435A;LM 435A
LM 435A 110 (HP);LM_435A;LM 435A
LM 435A 110 (MR);LM_435A;LM 435A
LM 435A 110 PS (HP);LM_435A;LM 435A
LM 435A 110 PS (MR);LM_435A;LM 435A
LM 445A 95 (ME);LM_445A;LM 445A
LM 445A 95 (MR);LM_445A;LM 445A
LM 630 INPTMC;LM_630;LM 630
LM 640 INPTMC;LM_640;LM 640
LM 640 INPTMR;LM_640;LM 640
LM 840 CNPTMC;LM_840;LM 840
LM 840 CNPTMR;LM_840;LM 840
LM 840 CTPTMC;LM_840;LM 840
LM 840 CTPTMR;LM_840;LM 840
LM 850 CTPTMC;LM_850;LM 850
LM 850 CTPTMR;LM_850;LM 850
LM 860 CTPTMC;LM_860;LM 860
LM 860 CTPTMR;LM_860;LM 860
LN 280;LN_280;LN 280
M-X 30-2 S3 E3;M-X_30-2;M-X 30-2
M-X 30-2 S3 E3 US;M-X_30-2;M-X 30-2
M-X 30-4 S3 E3;M-X_30-4;M-X 30-4
M-X 30-4 S3 E3 US;M-X_30-4;M-X 30-4
M-X 50-2 S3 E3;M-X_50-2;M-X 50-2
M-X 50-2 S3 E3 US;M-X_50-2;M-X 50-2
M-X 50-4 S3 E3;M-X_50-4;M-X 50-4
M-X 50-4 S3 E3 US;M-X_50-4;M-X 50-4
M-X 70-2 S3 E3;M-X_70-2;M-X 70-2
M-X 70-2 S3 E3 US;M-X_70-2;M-X 70-2
M 26-2;M_26-2;M 26-2
M 26-2 S2;M_26-2;M 26-2
M 26-2 S3 E2;M_26-2;M 26-2
M 26-2 ST3B;M_26-2;M 26-2
M 26-2 TURBO S3 E3;M_26-2;M 26-2
M 26-4;M_26-4;M 26-4
M 26-4 S2;M_26-4;M 26-4
M 26-4 S3 E2;M_26-4;M 26-4
M 26-4 ST3B;M_26-4;M 26-4
M 26-4 TURBO S3 E3;M_26-4;M 26-4
M 30-2;M_30-2;M 30-2
M 30-2 H;M_30-2;M 30-2
M 30-2 H ST3B;M_30-2;M 30-2
M 30-2 H T2;M_30-2;M 30-2
M 30-2 L T2;M_30-2;M 30-2
M 30-2 S2;M_30-2;M 30-2
M 30-2 S3 E2;M_30-2;M 30-2
M 30-2 ST3B;M_30-2;M 30-2
M 30-2 T2;M_30-2;M 30-2
M 30-2 TURBO H T3;M_30-2;M 30-2
M 30-2 TURBO S3 E3;M_30-2;M 30-2
M 30-2 USA;M_30-2;M 30-2
M 30-4;M_30-4;M 30-4
M 30-4 H;M_30-4;M 30-4
M 30-4 H T2;M_30-4;M 30-4
M 30-4 HL T2;M_30-4;M 30-4
M 30-4 L T2;M_30-4;M 30-4
M 30-4 S2;M_30-4;M 30-4
M 30-4 S3 E2;M_30-4;M 30-4
M 30-4 ST3B;M_30-4;M 30-4
M 30-4 T2;M_30-4;M 30-4
M 30-4 TURBO S3 E3;M_30-4;M 30-4
M 30-4 USA;M_30-4;M 30-4
M 40-2;M_40-2;M 40-2
M 40-2 H;M_40-2;M 40-2
M 40-2 H ST3B;M_40-2;M 40-2
M 40-2 H T2;M_40-2;M 40-2
M 40-2 L T2;M_40-2;M 40-2
M 40-2 ST3B;M_40-2;M 40-2
M 40-2 T2;M_40-2;M 40-2
M 40-4;M_40-4;M 40-4
M 40-4 H;M_40-4;M 40-4
M 40-4 H T2;M_40-4;M 40-4
M 40-4 L T2;M_40-4;M 40-4
M 40-4 S2;M_40-4;M 40-4
M 40-4 S3 E2;M_40-4;M 40-4
M 40-4 ST3B;M_40-4;M 40-4
M 40-4 T2;M_40-4;M 40-4
M 40-4 TURBO H T3;M_40-4;M 40-4
M 40-4 TURBO S3 E3;M_40-4;M 40-4
M 40-4 USA;M_40-4;M 40-4
M 50-2 H P ST3B S4 EU;M_50-2;M 50-2
M 50-2 H ST3B;M_50-2;M 50-2
M 50-2 H T2;M_50-2;M 50-2
M 50-2 HL T2;M_50-2;M 50-2
M 50-2 ST3B;M_50-2;M 50-2
M 50-2 T2;M_50-2;M 50-2
M 50-2 TURBO H T3;M_50-2;M 50-2
M 50-2 USA;M_50-2;M 50-2
M 50-4;M_50-4;M 50-4
M 50-4 H;M_50-4;M 50-4
M 50-4 H T2;M_50-4;M 50-4
M 50-4 HL;M_50-4;M 50-4
M 50-4 L;M_50-4;M 50-4
M 50-4 L T2;M_50-4;M 50-4
M 50-4 S2;M_50-4;M 50-4
M 50-4 S3 E2;M_50-4;M 50-4
M 50-4 ST3B;M_50-4;M 50-4
M 50-4 T2;M_50-4;M 50-4
M 50-4 TURBO S3 E3;M_50-4;M 50-4
M 50-4 USA;M_50-4;M 50-4
M 70-2 H D ST3B S4 EU;M_70-2;M 70-2
M 430 CP D;M_430;M 430
M2 26 CP;M2_26;M2 26
M2 26 CP ETROIT;M2_26;M2 26
M2 26 CP UK;M2_26;M2 26
M2 26 HE;M2_26;M2 26
M2 26 HE HMV;M2_26;M2 26
M2 30 CC;M2_30;M2 30
M2 30 CP;M2_30;M2 30
M2 30 CP-D;M2_30;M2 30
M2 30 CP-DL;M2_30;M2 30
M2 30 CP-P;M2_30;M2 30
M2 30 CP-PL;M2_30;M2 30
M2 30 CP-PXL;M2_30;M2 30
M2 30 CP D;M2_30;M2 30
M2 30 CP G;M2_30;M2 30
M2 30 CP P;M2_30;M2 30
M2 30 CP PL;M2_30;M2 30
M2 30 CP PLX;M2_30;M2 30
M2 30 CP PS;M2_30;M2 30
M2 30 CP UK;M2_30;M2 30
M2 30 H C P;M2_30;M2 30
M2 30 H C PL;M2_30;M2 30
M2 30 H C PSL;M2_30;M2 30
M2 30 H C PXL;M2_30;M2 30
M2 30 H P;M2_30;M2 30
M2 30 H P PL;M2_30;M2 30
M2 30 H P PS;M2_30;M2 30
M2 30 H P PSL;M2_30;M2 30
M2 30 H P PXL;M2_30;M2 30
M2 40 CC;M2_40;M2 40
M2 40 CP;M2_40;M2 40
M2 40 CP G;M2_40;M2 40
M2 50 CC;M2_50;M2 50
M2 50 CP;M2_50;M2 50
M4 26 CP;M4_26;M4 26
M4 26 CP UK;M4_26;M4 26
M4 26 HE;M4_26;M4 26
M4 26 HE HMV;M4_26;M4 26
M4 30 CC;M4_30;M4 30
M4 30 CP;M4_30;M4 30
M4 30 CP L;M4_30;M4 30
M4 30 CP P;M4_30;M4 30
M4 30 CP UK;M4_30;M4 30
M4 40 CC;M4_40;M4 40
M4 40 CP;M4_40;M4 40
M4 40 CP-P;M4_40;M4 40
M4 40 CP P95;M4_40;M4 40
M4 40 CP PS;M4_40;M4 40
M4 50;M4_50;M4 50
M4 50 CC;M4_50;M4 50
M4 50 CP;M4_50;M4 50
M40-4TH;M40-4TH_;M40-4TH
MA 4;MA_4;MA 4
MA 20 C;MA_20;MA 20
MA 20 E;MA_20;MA 20
MA 20 GPL;MA_20;MA 20
MA 20 M;MA_20;MA 20
MA 25 C;MA_25;MA 25
MA 25 GPL;MA_25;MA 25
MA 25 M;MA_25;MA 25
MA 240                                                     B;MA_240;MA 240
MA 460;MA_460;MA 460
MA 460 E2;MA_460;MA 460
MA 460 E3;MA_460;MA 460
MA 470;MA_470;MA 470
MA 470 E2;MA_470;MA 470
MA 470 E3;MA_470;MA 470
MA 475;MA_475;MA 475
MA 475 ONU;MA_475;MA 475
MA 475 UN E3;MA_475;MA 475
MACH A DATTES;MACH_A;MACH A
MAN GO 12;MAN_GO;MAN GO
MAN GO 33;MAN_GO;MAN GO
MANIACCESS 140TH;MANIACCESS_140TH;MANIACCESS 140TH
MANIACCESS 170 TH;MANIACCESS_170;MANIACCESS 170
MANITOOL;MANITOOL_;MANITOOL
MB 16;MB_16;MB 16
MB 16 S;MB_16;MB 16
MB 20;MB_20;MB 20
MB 20 C;MB_20;MB 20
MB 20 C FR;MB_20;MB 20
MB 20 C GB;MB_20;MB 20
MB 20 CL;MB_20;MB 20
MB 20 D;MB_20;MB 20
MB 20 FA;MB_20;MB 20
MB 20 G;MB_20;MB 20
MB 20 GA;MB_20;MB 20
MB 20 S;MB_20;MB 20
MB 20 TC;MB_20;MB 20
MB 21 C;MB_21;MB 21
MB 21 J;MB_21;MB 21
MB 21 J JUBILE;MB_21;MB 21
MB 21 JC;MB_21;MB 21
MB 21 JS;MB_21;MB 21
MB 21 N S2;MB_21;MB 21
MB 21 N S3;MB_21;MB 21
MB 22 NC;MB_22;MB 22
MB 25 A;MB_25;MB 25
MB 25 B;MB_25;MB 25
MB 25 C;MB_25;MB 25
MB 25 D;MB_25;MB 25
MB 25 F;MB_25;MB 25
MB 25 FA;MB_25;MB 25
MB 25 G;MB_25;MB 25
MB 25 GA;MB_25;MB 25
MB 25 M;MB_25;MB 25
MB 25 P;MB_25;MB 25
MB 25 PF;MB_25;MB 25
MB 25 TC;MB_25;MB 25
MB 25 X;MB_25;MB 25
MB 25 XF;MB_25;MB 25
MB 26 C;MB_26;MB 26
MB 26 J;MB_26;MB 26
MB 26 JC;MB_26;MB 26
MB 26 N S2;MB_26;MB 26
MB 26 N S3;MB_26;MB 26
MB 26 NC;MB_26;MB 26
MB 26 NC USA;MB_26;MB 26
MB 26 NF;MB_26;MB 26
MB 26 NP;MB_26;MB 26
MB 26 PC;MB_26;MB 26
MB 30;MB_30;MB 30
MB 30 B;MB_30;MB 30
MB 30 C;MB_30;MB 30
MB 30 CP;MB_30;MB 30
MB 30 CP S2;MB_30;MB 30
MB 30 CP S3;MB_30;MB 30
MB 30 D;MB_30;MB 30
MB 30 G;MB_30;MB 30
MB 30 J;MB_30;MB 30
MB 30 JC;MB_30;MB 30
MB 30 M;MB_30;MB 30
MB 30 N S2;MB_30;MB 30
MB 30 N S3;MB_30;MB 30
MB 30 NC;MB_30;MB 30
MB 30 NC USA;MB_30;MB 30
MB 30 NF;MB_30;MB 30
MB 30 NP;MB_30;MB 30
MB 30 P;MB_30;MB 30
MB 30 PC;MB_30;MB 30
MB 30 TC;MB_30;MB 30
MB 30 TCI;MB_30;MB 30
MB 30 Z;MB_30;MB 30
MB 40;MB_40;MB 40
MB 40 B;MB_40;MB 40
MB 50 K;MB_50;MB 50
MB 60;MB_60;MB 60
MB 60 H;MB_60;MB 60
MB 60 H USA;MB_60;MB 60
MB 70 H;MB_70;MB 70
MB 70 H USA;MB_70;MB 70
MC 8 A;MC_8;MC 8
MC 10 A;MC_10;MC 10
MC 15;MC_15;MC 15
MC 15 A;MC_15;MC 15
MC 15 D;MC_15;MC 15
MC 15 HP;MC_15;MC 15
MC 15 TR;MC_15;MC 15
MC 18-2 D K ST3A S1;MC_18-2;MC 18-2
MC 18-4 D K ST3A S1;MC_18-4;MC 18-4
MC 18 A;MC_18;MC 18
MC 18 D;MC_18;MC 18
MC 18 EM;MC_18;MC 18
MC 20 AM;MC_20;MC 20
MC 20 AM BEAM;MC_20;MC 20
MC 20 AM S2;MC_20;MC 20
MC 20 C;MC_20;MC 20
MC 20 DM;MC_20;MC 20
MC 20 E;MC_20;MC 20
MC 20 EM;MC_20;MC 20
MC 20 H;MC_20;MC 20
MC 20 H GPL;MC_20;MC 20
MC 20 HP;MC_20;MC 20
MC 20 HP S2;MC_20;MC 20
MC 20 N;MC_20;MC 20
MC 20 P;MC_20;MC 20
MC 20 P USA;MC_20;MC 20
MC 20 TC;MC_20;MC 20
MC 25-4 D K ST3A S1;MC_25-4;MC 25-4
MC 25 A;MC_25;MC 25
MC 25 C;MC_25;MC 25
MC 25 E;MC_25;MC 25
MC 25 H;MC_25;MC 25
MC 25 N;MC_25;MC 25
MC 25 N S2;MC_25;MC 25
MC 25 N S3;MC_25;MC 25
MC 25 NS;MC_25;MC 25
MC 25 NS S2;MC_25;MC 25
MC 25 NS S3;MC_25;MC 25
MC 25 TC;MC_25;MC 25
MC 30;MC_30;MC 30
MC 30 ANC;MC_30;MC 30
MC 30 C;MC_30;MC 30
MC 30 CP;MC_30;MC 30
MC 30 H;MC_30;MC 30
MC 30 N;MC_30;MC 30
MC 30 N S2;MC_30;MC 30
MC 30 N S3;MC_30;MC 30
MC 30 NS;MC_30;MC 30
MC 30 NS S2;MC_30;MC 30
MC 30 NS S3;MC_30;MC 30
MC 30 S2;MC_30;MC 30
MC 30 S3 E2;MC_30;MC 30
MC 30 TC;MC_30;MC 30
MC 30 TURBO S3 E3;MC_30;MC 30
MC 40 C;MC_40;MC 40
MC 40 CP;MC_40;MC 40
MC 40 FC;MC_40;MC 40
MC 40 FC USA;MC_40;MC 40
MC 40 H;MC_40;MC 40
MC 40 HP S2;MC_40;MC 40
MC 40 HP S3;MC_40;MC 40
MC 40 HP S4;MC_40;MC 40
MC 40 POWERSHIFT;MC_40;MC 40
MC 40 POWERSHIFT S2;MC_40;MC 40
MC 40 POWERSHIFT S3 E2;MC_40;MC 40
MC 40 TC;MC_40;MC 40
MC 40 TURBO POWERSHIFT S3 E3;MC_40;MC 40
MC 50 B;MC_50;MC 50
MC 50 C;MC_50;MC 50
MC 50 CP;MC_50;MC 50
MC 50 FC;MC_50;MC 50
MC 50 FC USA;MC_50;MC 50
MC 50 HP S2;MC_50;MC 50
MC 50 HP S4;MC_50;MC 50
MC 50 HP USA;MC_50;MC 50
MC 50 K;MC_50;MC 50
MC 50 POWERSHIFT;MC_50;MC 50
MC 50 POWERSHIFT S2;MC_50;MC 50
MC 50 POWERSHIFT S3 E2;MC_50;MC 50
MC 50 TC;MC_50;MC 50
MC 50 TURBO POWERSHIFT S3 E3;MC_50;MC 50
MC 60 CP;MC_60;MC 60
MC 60 H;MC_60;MC 60
MC 60 K;MC_60;MC 60
MC 60 POWERSHIFT S3 E2;MC_60;MC 60
MC 60 TURBO POWERSHIFT;MC_60;MC 60
MC 60 TURBO POWERSHIFT S2;MC_60;MC 60
MC 60 TURBO POWERSHIFT S3 E3;MC_60;MC 60
MC 70 POWERSHIFT S3 E2;MC_70;MC 70
MC 70 TURBO POWERSHIFT;MC_70;MC 70
MC 70 TURBO POWERSHIFT S2;MC_70;MC 70
MC 70 TURBO POWERSHIFT S3 E3;MC_70;MC 70
MC 80;MC_80;MC 80
MC 80 B;MC_80;MC 80
MC 80 D;MC_80;MC 80
MC 80 F;MC_80;MC 80
MC 90 B;MC_90;MC 90
MC 90 F;MC_90;MC 90
MC 100;MC_100;MC 100
MC 100 BR;MC_100;MC 100
MC 100 D;MC_100;MC 100
MC 100 F;MC_100;MC 100
MC 100 F USA;MC_100;MC 100
MC 120 F;MC_120;MC 120
MC 120 P;MC_120;MC 120
MCE 20 AM;MCE_20;MCE 20
MCE 20 C;MCE_20;MCE 20
MCE 20 H;MCE_20;MCE 20
MCE 20 H GPL;MCE_20;MCE 20
MCE 20 H S2;MCE_20;MCE 20
MCE 20 HZ;MCE_20;MCE 20
MCE 20 N;MCE_20;MCE 20
MCE 20 P;MCE_20;MCE 20
MCE 20 TC;MCE_20;MCE 20
MCE 25 C;MCE_25;MCE 25
MCE 25 H;MCE_25;MCE 25
MCE 25 H GPL;MCE_25;MCE 25
MCE 25 H S2;MCE_25;MCE 25
MCE 25 HZ;MCE_25;MCE 25
MCE 25 N;MCE_25;MCE 25
MCE 25 N S2;MCE_25;MCE 25
MCE 25 N S3;MCE_25;MCE 25
MCE 25 NS S3;MCE_25;MCE 25
MCE 25 TC;MCE_25;MCE 25
MCE 30 C;MCE_30;MCE 30
MCE 30 H;MCE_30;MCE 30
MCE 30 H GPL;MCE_30;MCE 30
MCE 30 H S2;MCE_30;MCE 30
MCE 30 HZ;MCE_30;MCE 30
MCE 30 N;MCE_30;MCE 30
MCE 30 N S3;MCE_30;MCE 30
MCE 30 NS;MCE_30;MCE 30
MCE 30 NS S2;MCE_30;MCE 30
MCE 30 NS S3;MCE_30;MCE 30
MCE 30 TC;MCE_30;MCE 30
MCE 40 CP;MCE_40;MCE 40
MCE 40 H;MCE_40;MCE 40
MCE 40 H GPL;MCE_40;MCE 40
MCL 20 H S2;MCL_20;MCL 20
MCL 20 HZ;MCL_20;MCL 20
MCL 25 H S2;MCL_25;MCL 25
MCL 25 HZ;MCL_25;MCL 25
MCL 30 H GPL;MCL_30;MCL 30
MCL 30 H S2;MCL_30;MCL 30
MCL 30 HZ;MCL_30;MCL 30
MCL 40 H;MCL_40;MCL 40
MCL 40 H USA;MCL_40;MCL 40
ME 315;ME_315;ME 315
ME 315 48V S3;ME_315;ME 315
ME 315 48V S3 FOB;ME_315;ME 315
ME 315 C 24V S3;ME_315;ME 315
ME 315 S2;ME_315;ME 315
ME 316;ME_316;ME 316
ME 316 48V S3;ME_316;ME 316
ME 316 48V S3 US;ME_316;ME 316
ME 316 S2;ME_316;ME 316
ME 318;ME_318;ME 318
ME 318 48V S3;ME_318;ME 318
ME 318 48V S3 FOB;ME_318;ME 318
ME 318 S2;ME_318;ME 318
ME 320;ME_320;ME 320
ME 320 48V S3;ME_320;ME 320
ME 320 48V S3 FOB;ME_320;ME 320
ME 320 48V S3 US;ME_320;ME 320
ME 320 S1;ME_320;ME 320
ME 320 S2;ME_320;ME 320
ME 418 48V S3;ME_418;ME 418
ME 418 48V S3 FOB;ME_418;ME 418
ME 418 48V S3 US;ME_418;ME 418
ME 418 S2;ME_418;ME 418
ME 420 48V S3;ME_420;ME 420
ME 420 S2;ME_420;ME 420
ME 425;ME_425;ME 425
ME 425 80V S3;ME_425;ME 425
ME 425 80V S3 US;ME_425;ME 425
ME 425 C 48V S3;ME_425;ME 425
ME 425 C 48V S3 US;ME_425;ME 425
ME 425 C S2;ME_425;ME 425
ME 425 S1;ME_425;ME 425
ME 425 S2;ME_425;ME 425
ME 430;ME_430;ME 430
ME 430 80V S3;ME_430;ME 430
ME 430 80V S3 FOB;ME_430;ME 430
ME 430 80V S3 US;ME_430;ME 430
ME 430 S1;ME_430;ME 430
ME 430 S2;ME_430;ME 430
ME 435 80V S3;ME_435;ME 435
ME 435 80V S3 FOB;ME_435;ME 435
ME 435 80V S3 US;ME_435;ME 435
ME 440 80V S3;ME_440;ME 440
ME 445 80V S3;ME_445;ME 445
ME 450 80V S3;ME_450;ME 450
ME 450 80V S3 FOB;ME_450;ME 450
MECALOC TF 43;MECALOC_TF;MECALOC TF
MECALOC TF 78;MECALOC_TF;MECALOC TF
MECALOC TR;MECALOC_TR;MECALOC TR
MG 240;MG_240;MG 240
MH 20-4 T BUGGIE 4ST3B;MH_20-4;MH 20-4
MH 20-4 TURBO BUGGIE;MH_20-4;MH 20-4
MH 20-4 TURBO BUGGIE S2 E2;MH_20-4;MH 20-4
MH 20-4 TURBO BUGGIE S2 E3;MH_20-4;MH 20-4
MH 20-4 TURBO BUGGIE S3 E3;MH_20-4;MH 20-4
MH 25-4 BUGGIE 36KW 4ST3A;MH_25-4;MH 25-4
MH 25-4 T BUGGIE 4ST3A;MH_25-4;MH 25-4
MH 25-4 T BUGGIE 4ST3B;MH_25-4;MH 25-4
MH 25-4 TURBO BUGGIE;MH_25-4;MH 25-4
MH 25-4 TURBO BUGGIE S2 E2;MH_25-4;MH 25-4
MH 25-4 TURBO BUGGIE S2 E3;MH_25-4;MH 25-4
MH 25-4 TURBO BUGGIE S3 E3;MH_25-4;MH 25-4
MHT-X 780 E3 AUSTRALIAN NAVY;MHT-X_780;MHT-X 780
MHT-X 780 TURBO E3;MHT-X_780;MHT-X 780
MHT-X 790 104JD H ST3A S1;MHT-X_790;MHT-X 790
MHT-X 860 75P ST3A S2;MHT-X_860;MHT-X 860
MHT-X 860 L EVOLUTION E3;MHT-X_860;MHT-X 860
MHT-X 950 L EVOLUTION E3;MHT-X_950;MHT-X 950
MHT-X 1076 L E3;MHT-X_1076;MHT-X 1076
MHT-X 1490;MHT-X_1490;MHT-X 1490
MHT-X 10120 L EVOLUTION E3;MHT-X_10120;MHT-X 10120
MHT-X 10120 L TURBO E3;MHT-X_10120;MHT-X 10120
MHT-X 10130;MHT-X_10130;MHT-X 10130
MHT-X 10130 129M ST3A S1;MHT-X_10130;MHT-X 10130
MHT-X 10180 129M ST3A S1;MHT-X_10180;MHT-X 10180
MHT-X 10180 L EVOLUTION E3;MHT-X_10180;MHT-X 10180
MHT-X 10225 L E3;MHT-X_10225;MHT-X 10225
MHT-X 10225 L EVOLUTION E3;MHT-X_10225;MHT-X 10225
MHT-X 10230 E3;MHT-X_10230;MHT-X 10230
MHT-X 14350;MHT-X_14350;MHT-X 14350
MHT 780 L EVOLUTION E3;MHT_780;MHT 780
MHT 780 TURBO E3;MHT_780;MHT 780
MHT 790 104JD H ST4 S1;MHT_790;MHT 790
MHT 790 104JD ST3B S1;MHT_790;MHT 790
MHT 790 ST4;MHT_790;MHT 790
MHT 860 L EVOLUTION E3;MHT_860;MHT 860
MHT 860 L SERIE M E2;MHT_860;MHT 860
MHT 860 L TURBO E3;MHT_860;MHT 860
MHT 860 L TURBO LSU E3;MHT_860;MHT 860
MHT 950 L EVOLUTION E3;MHT_950;MHT 950
MHT 950 L TURBO E3;MHT_950;MHT 950
MHT 950 L TURBO SERIE M E2;MHT_950;MHT 950
MHT 950 LSU EVOLUTION E3 ARMY;MHT_950;MHT 950
MHT 990 MHO TURBO COMFORT LINE MOT MERCEDES;MHT_990;MHT 990
MHT 990 MHO TURBO E3;MHT_990;MHT 990
MHT 1072 L ESERCITO ITALIANO EVO E3;MHT_1072;MHT 1072
MHT 1076 L E3;MHT_1076;MHT 1076
MHT 1076 L TURBO EVOLUTION E3;MHT_1076;MHT 1076
MHT 1490;MHT_1490;MHT 1490
MHT 7140 L SERIE M AUSTRALIA MOT MERCEDES E2;MHT_7140;MHT 7140
MHT 7140 L TURBO SERIE M E2;MHT_7140;MHT 7140
MHT 10120 L EVOLUTION E3;MHT_10120;MHT 10120
MHT 10120 L TURBO SERIE M E2;MHT_10120;MHT 10120
MHT 10120 L TURBO SERIE M MOTEUR MERCEDES E3;MHT_10120;MHT 10120
MHT 10130;MHT_10130;MHT 10130
MHT 10130 129M ST4 S1;MHT_10130;MHT 10130
MHT 10160 L EVOLUTION E3;MHT_10160;MHT 10160
MHT 10160 L TURBO COMFORT LINE MOTEUR MERCEDES;MHT_10160;MHT 10160
MHT 10160 L TURBO SERIE M AUSTRALIA MOTEUR MERCEDES E2;MHT_10160;MHT 10160
MHT 10160 L TURBO SERIE M E2;MHT_10160;MHT 10160
MHT 10160 L TURBO SERIE M MOTEUR MERCEDES E3;MHT_10160;MHT 10160
MHT 10160 L TURBO SERIE M MOTEUR MERCEDES ONU E3;MHT_10160;MHT 10160
MHT 10180 129M ST4 S1;MHT_10180;MHT 10180
MHT 10180 L EVOLUTION E3;MHT_10180;MHT 10180
MHT 10210 L E3 ESERCITO ITALIANO;MHT_10210;MHT 10210
MHT 10210 L EVOLUTION E3;MHT_10210;MHT 10210
MHT 10210 L TURBO SERIE M MOTEUR MERCEDES E3;MHT_10210;MHT 10210
MHT 10225 L EVOLUTION E3;MHT_10225;MHT 10225
MHT 10230 129M ST4 S1;MHT_10230;MHT 10230
MI-X 40 D E3 S1;MI-X_40;MI-X 40
MI-X 45 D E3 S1;MI-X_45;MI-X 45
MI-X 50 D E3 S1;MI-X_50;MI-X 50
MI-X 50L D E3 S1;MI-X_50L;MI-X 50L
MI-X 60 D S1E3 FOB;MI-X_60;MI-X 60
MI-X 70 D E3 S1;MI-X_70;MI-X 70
MI-X 80 D E3 S1;MI-X_80;MI-X 80
MI-X 80 D S1 E3;MI-X_80;MI-X 80
MI-X 100 D E3 S1;MI-X_100;MI-X 100
MI 15 D;MI_15;MI 15
MI 15 D S1 E3;MI_15;MI 15
MI 15 D S1E3;MI_15;MI 15
MI 15 G;MI_15;MI 15
MI 15 G S2;MI_15;MI 15
MI 15 G S2 FOB;MI_15;MI 15
MI 18 D;MI_18;MI 18
MI 18 D S1 E3;MI_18;MI 18
MI 18 G;MI_18;MI 18
MI 18 G S2;MI_18;MI 18
MI 20 D;MI_20;MI 20
MI 20 D S2 E3;MI_20;MI 20
MI 20 D S2E3 FOB;MI_20;MI 20
MI 20 G;MI_20;MI 20
MI 20 G S2;MI_20;MI 20
MI 25 D;MI_25;MI 25
MI 25 D S2 E3;MI_25;MI 25
MI 25 G;MI_25;MI 25
MI 25 G S2;MI_25;MI 25
MI 30 D;MI_30;MI 30
MI 30 D S2 E3;MI_30;MI 30
MI 30 G;MI_30;MI 30
MI 30 G S2;MI_30;MI 30
MI 35 D;MI_35;MI 35
MI 35 D S2 E3;MI_35;MI 35
MI 35 G;MI_35;MI 35
MI 35 G S2;MI_35;MI 35
MI 40 D ST3B S1;MI_40;MI 40
MI 40 G S1;MI_40;MI 40
MI 45 D ST3B S1;MI_45;MI 45
MI 45 D ST3B S1 FOB;MI_45;MI 45
MI 45 G S1;MI_45;MI 45
MI 45 G S1 FOB;MI_45;MI 45
MI 50 C;MI_50;MI 50
MI 50 D ST3B S1;MI_50;MI 50
MI 50 G S1;MI_50;MI 50
MI 50 G S1 FOB;MI_50;MI 50
MI 50 L D ST3B S2;MI_50;MI 50
MI 50L D ST3B S1;MI_50L;MI 50L
MI 50L G S1;MI_50L;MI 50L
MI 60 C;MI_60;MI 60
MI 60 D ST3B S1;MI_60;MI 60
MI 60 D ST3B S2;MI_60;MI 60
MI 60 G S1;MI_60;MI 60
MI 60 G S1 FOB;MI_60;MI 60
MI 60 H S1 E2;MI_60;MI 60
MI 60 TURBO S2 E2;MI_60;MI 60
MI 70 C;MI_70;MI 70
MI 70 D S13B FOB;MI_70;MI 70
MI 70 D ST3B S1;MI_70;MI 70
MI 70 D ST3B S2;MI_70;MI 70
MI 70 G S1;MI_70;MI 70
MI 70 G S1 FOB;MI_70;MI 70
MI 70 H S1 E2;MI_70;MI 70
MI 70 TURBO S2 E2;MI_70;MI 70
MI 80 C;MI_80;MI 80
MI 80 D ST3B S1;MI_80;MI 80
MI 80 D ST4 S2;MI_80;MI 80
MI 90 C;MI_90;MI 90
MI 100 D ST3B S1;MI_100;MI 100
MI 120 D ST3B;MI_120;MI 120
MI 205;MI_205;MI 205
MI 205 GPL;MI_205;MI 205
MI 255;MI_255;MI 255
MI 255 GPL;MI_255;MI 255
MI 305;MI_305;MI 305
MI 305 GPL;MI_305;MI 305
MI 405;MI_405;MI 405
MI 405 GPL;MI_405;MI 405
MI 455;MI_455;MI 455
ML 40 S1 E2;ML_40;ML 40
ML 225 FC;ML_225;ML 225
ML 320;ML_320;ML 320
ML 400 EVOLUTION E3;ML_400;ML 400
ML 400 SERIE M E2;ML_400;ML 400
ML 425;ML_425;ML 425
ML 425 FC;ML_425;ML 425
ML 630 CP;ML_630;ML 630
ML 632;ML_632;ML 632
ML 635;ML_635;ML 635
ML 635 S2;ML_635;ML 635
ML 635 TURBO S2;ML_635;ML 635
ML 635 TURBO S3 E2;ML_635;ML 635
ML 640 CP TURBO;ML_640;ML 640
ML 1200 CHARGEUSE;ML_1200;ML 1200
MLA-T 533 145 V PLUS D ST4 S1;MLA-T_533;MLA-T 533
MLA 627 TURBO;MLA_627;MLA 627
MLA 628 120 LS TURBO POWERSHIFT S2;MLA_628;MLA 628
MLA 628 120 LSU POWERSHIFT S3 E2;MLA_628;MLA 628
MLA 628 TURBO;MLA_628;MLA 628
MLA 628 TURBO POWERSHIFT;MLA_628;MLA 628
MLA 628 TURBO POWERSHIFT S2;MLA_628;MLA 628
MLA 628 TURBO POWERSHIFT S3 E2;MLA_628;MLA 628
MLA 630-125 PS;MLA_630-125;MLA 630-125
MLA 630 125 PS;MLA_630;MLA 630
MLB 625 TURBO CONFORT EX S1 E2;MLB_625;MLB 625
MLB 625 TURBO CONFORT S1 E2;MLB_625;MLB 625
MLB 625 TURBO EX S1 E2;MLB_625;MLB 625
MLB 625 TURBO S1 E2;MLB_625;MLB 625
MLT-X 625-75 H S1 E3;MLT-X_625-75;MLT-X 625-75
MLT-X 627 TURBO 24P SC E3;MLT-X_627;MLT-X 627
MLT-X 627 TURBO COMPACT 20P SC E3;MLT-X_627;MLT-X 627
MLT-X 732 95P ST3A S1;MLT-X_732;MLT-X 732
MLT-X 735 120 LSU POWERSHIFT S6 E3;MLT-X_735;MLT-X 735
MLT-X 735 120 LSU S6 E3;MLT-X_735;MLT-X 735
MLT-X 735 TURBO LSU S6 E3;MLT-X_735;MLT-X 735
MLT-X 741 120 LSU S6 E3;MLT-X_741;MLT-X 741
MLT-X 840 137 ST3A;MLT-X_840;MLT-X 840
MLT-X 840 140 PS JD ST3A S1;MLT-X_840;MLT-X 840
MLT-X 840 140 PS JD ST3A S2;MLT-X_840;MLT-X 840
MLT-X 845 120 S5 E3;MLT-X_845;MLT-X 845
MLT-X 960 H 140 ST3A;MLT-X_960;MLT-X 960
MLT-X 1035 100 LT LSU S6 E3;MLT-X_1035;MLT-X 1035
MLT-X 1040 140 PS L JD ST3A S1;MLT-X_1040;MLT-X 1040
MLT-X 1040 L 137 ST3A;MLT-X_1040;MLT-X 1040
MLT 523;MLT_523;MLT 523
MLT 523 MONO ULTRA S2;MLT_523;MLT 523
MLT 523 S2;MLT_523;MLT 523
MLT 523 SERIE C S2;MLT_523;MLT 523
MLT 523 TURBO;MLT_523;MLT 523
MLT 523 TURBO EVOLUTION SC E3;MLT_523;MLT 523
MLT 523 TURBO MONO ULTRA;MLT_523;MLT 523
MLT 523 TURBO MONO ULTRA SA;MLT_523;MLT 523
MLT 523 TURBO MONO ULTRA SB E2;MLT_523;MLT 523
MLT 523 TURBO S2;MLT_523;MLT 523
MLT 523 TURBO SA;MLT_523;MLT 523
MLT 523 TURBO SB E2;MLT_523;MLT 523
MLT 524;MLT_524;MLT 524
MLT 524 MONO ULTRA;MLT_524;MLT 524
MLT 524 TURBO;MLT_524;MLT 524
MLT 524 TURBO MONO ULTRA;MLT_524;MLT 524
MLT 526;MLT_526;MLT 526
MLT 526 COMPACT SA;MLT_526;MLT 526
MLT 526 MONO ULTRA COMPACT SA;MLT_526;MLT 526
MLT 526 MONO ULTRA S2;MLT_526;MLT 526
MLT 526 S2;MLT_526;MLT 526
MLT 526 TURBO;MLT_526;MLT 526
MLT 526 TURBO 20 SA;MLT_526;MLT 526
MLT 526 TURBO 24 SA;MLT_526;MLT 526
MLT 526 TURBO COMPACT SA;MLT_526;MLT 526
MLT 526 TURBO MONO ULTRA 20 SA;MLT_526;MLT 526
MLT 526 TURBO MONO ULTRA 24 SA;MLT_526;MLT 526
MLT 526 TURBO MONO ULTRA COMPACT SA;MLT_526;MLT 526
MLT 526 TURBO MONO ULTRA SA;MLT_526;MLT 526
MLT 526 TURBO S2;MLT_526;MLT 526
MLT 526 ULTRA;MLT_526;MLT 526
MLT 527;MLT_527;MLT 527
MLT 527 MONO ULTRA;MLT_527;MLT 527
MLT 527 TURBO;MLT_527;MLT 527
MLT 527 TURBO MONO ULTRA;MLT_527;MLT 527
MLT 625-75 H S1 E3;MLT_625-75;MLT 625-75
MLT 625-75 H ST3B;MLT_625-75;MLT 625-75
MLT 626;MLT_626;MLT 626
MLT 626 MONO ULTRA S3;MLT_626;MLT 626
MLT 626 S2;MLT_626;MLT 626
MLT 626 S3;MLT_626;MLT 626
MLT 626 TURBO;MLT_626;MLT 626
MLT 626 TURBO MONO ULTRA S3;MLT_626;MLT 626
MLT 626 TURBO S2;MLT_626;MLT 626
MLT 626 TURBO S3;MLT_626;MLT 626
MLT 626 TURBO UK;MLT_626;MLT 626
MLT 626 TURBO ULTRA S2;MLT_626;MLT 626
MLT 626 TURBO ULTRA S3;MLT_626;MLT 626
MLT 626 UK;MLT_626;MLT 626
MLT 626 ULTRA S2;MLT_626;MLT 626
MLT 626 ULTRA S3;MLT_626;MLT 626
MLT 627 COMPACT SB E2;MLT_627;MLT 627
MLT 627 TURBO 20P SB E2;MLT_627;MLT 627
MLT 627 TURBO EVOLUTION 20P SC E3;MLT_627;MLT 627
MLT 627 TURBO EVOLUTION 24P SC E3;MLT_627;MLT 627
MLT 627 TURBO EVOLUTION COMPACT 20P SC E3;MLT_627;MLT 627
MLT 627 TURBO MONO ULTRA 20P SB E2;MLT_627;MLT 627
MLT 627 TURBO MONO ULTRA COMPACT SB E2;MLT_627;MLT 627
MLT 627 TURBO MONO ULTRA SB E2;MLT_627;MLT 627
MLT 628;MLT_628;MLT 628
MLT 628 MONO ULTRA;MLT_628;MLT 628
MLT 628 TURBO;MLT_628;MLT 628
MLT 628 TURBO MONO ULTRA;MLT_628;MLT 628
MLT 628 TURBO POWERSHIFT MONO ULTRA;MLT_628;MLT 628
MLT 629;MLT_629;MLT 629
MLT 629 20P ST3B;MLT_629;MLT 629
MLT 629 24P CE ST3B;MLT_629;MLT 629
MLT 629 24P ST3B;MLT_629;MLT 629
MLT 629 120 LS SA;MLT_629;MLT 629
MLT 629 COMPACT 20P ST3B;MLT_629;MLT 629
MLT 629 SA;MLT_629;MLT 629
MLT 629 TURBO;MLT_629;MLT 629
MLT 629 TURBO SA;MLT_629;MLT 629
MLT 630 105D;MLT_630;MLT 630
MLT 630 105D H CPT;MLT_630;MLT 630
MLT 630 105D ST4 S1;MLT_630;MLT 630
MLT 630 105D ST4 S2;MLT_630;MLT 630
MLT 630 105D V CP ST4 S1;MLT_630;MLT 630
MLT 630 105D V CP ST4 S2;MLT_630;MLT 630
MLT 630 105D V ST4 S1;MLT_630;MLT 630
MLT 630 105D V ST4 S2;MLT_630;MLT 630
MLT 630 120 LSU SB E2;MLT_630;MLT 630
MLT 630 MONO ULTRA S3;MLT_630;MLT 630
MLT 630 S3;MLT_630;MLT 630
MLT 630 TURBO MONO ULTRA S3;MLT_630;MLT 630
MLT 630 TURBO S3;MLT_630;MLT 630
MLT 630 TURBO SB E2;MLT_630;MLT 630
MLT 630 TURBO SC E2;MLT_630;MLT 630
MLT 630 TURBO SD E3;MLT_630;MLT 630
MLT 630 TURBO ULTRA S3;MLT_630;MLT 630
MLT 630 ULTRA S3;MLT_630;MLT 630
MLT 632;MLT_632;MLT 632
MLT 632 MONO ULTRA;MLT_632;MLT 632
MLT 632 TURBO;MLT_632;MLT 632
MLT 632 TURBO MONO ULTRA;MLT_632;MLT 632
MLT 632 TURBO POWERSHIFT MONO ULTRA;MLT_632;MLT 632
MLT 633 120 LS POWERSHIFT SA;MLT_633;MLT 633
MLT 633 120 LS SA;MLT_633;MLT 633
MLT 633 120 LS TURBO;MLT_633;MLT 633
MLT 633 120 LS TURBO POWERSHIFT;MLT_633;MLT 633
MLT 633 LS TURBO;MLT_633;MLT 633
MLT 633 LS TURBO SA;MLT_633;MLT 633
MLT 634 115 LSU PS ST3B;MLT_634;MLT 634
MLT 634 120 LSU POWERSHIFT SB E2;MLT_634;MLT 634
MLT 634 120 LSU POWERSHIFT SC E2;MLT_634;MLT 634
MLT 634 120 LSU POWERSHIFT SD E3;MLT_634;MLT 634
MLT 634 120 LSU POWERSHIFT SE E3;MLT_634;MLT 634
MLT 634 120 LSU POWERSHIFT SF E3;MLT_634;MLT 634
MLT 634 120 LSU POWERSHIFT SG E3;MLT_634;MLT 634
MLT 634 120 LSU SB E2;MLT_634;MLT 634
MLT 634 120 LSU SC E2;MLT_634;MLT 634
MLT 634 120 LSU SD E3;MLT_634;MLT 634
MLT 634 120 LSU SE E3;MLT_634;MLT 634
MLT 634 120 LSU SF E3;MLT_634;MLT 634
MLT 634 120 LSU SG E3;MLT_634;MLT 634
MLT 634 120 POWERSHIFT ST3B;MLT_634;MLT 634
MLT 634 120 ST3B;MLT_634;MLT 634
MLT 634 120D ST4 S1;MLT_634;MLT 634
MLT 634 TURBO LSU SB E2;MLT_634;MLT 634
MLT 634 TURBO LSU SC E2;MLT_634;MLT 634
MLT 634 TURBO LSU SD E3;MLT_634;MLT 634
MLT 634 TURBO LSU SE E3;MLT_634;MLT 634
MLT 634 TURBO LSU SF E3;MLT_634;MLT 634
MLT 635 130 PS D ST4 S1;MLT_635;MLT 635
MLT 635 130 PS D ST4 S2;MLT_635;MLT 635
MLT 635 140 CVT D ST4 S1;MLT_635;MLT 635
MLT 635 140 V PLUS D ST4 S1;MLT_635;MLT 635
MLT 635 140 V PLUS D ST4 S2;MLT_635;MLT 635
MLT 725 MONO ULTRA S3;MLT_725;MLT 725
MLT 725 S2;MLT_725;MLT 725
MLT 725 S3;MLT_725;MLT 725
MLT 725 TURBO MONO ULTRA S3;MLT_725;MLT 725
MLT 725 TURBO S2;MLT_725;MLT 725
MLT 725 TURBO S3;MLT_725;MLT 725
MLT 725 TURBO ULTRA S2;MLT_725;MLT 725
MLT 725 TURBO ULTRA S3;MLT_725;MLT 725
MLT 725 UK S2     UK;MLT_725;MLT 725
MLT 725 ULTRA S2;MLT_725;MLT 725
MLT 725 ULTRA S3;MLT_725;MLT 725
MLT 728;MLT_728;MLT 728
MLT 728 MONO ULTRA;MLT_728;MLT 728
MLT 728 TURBO;MLT_728;MLT 728
MLT 728 TURBO MONO ULTRA;MLT_728;MLT 728
MLT 728 TURBO POWERSHIFT MONO ULTRA;MLT_728;MLT 728
MLT 730;MLT_730;MLT 730
MLT 730 115D V CP ST4 S1;MLT_730;MLT 730
MLT 730 120 LS TURBO;MLT_730;MLT 730
MLT 730 120 LS TURBO POWERSHIFT;MLT_730;MLT 730
MLT 730 120 LS TURBO SA;MLT_730;MLT 730
MLT 730 LS TURBO;MLT_730;MLT 730
MLT 730 LS TURBO SA;MLT_730;MLT 730
MLT 730 SA;MLT_730;MLT 730
MLT 730 TURBO;MLT_730;MLT 730
MLT 730 TURBO SA;MLT_730;MLT 730
MLT 731 120 LSU POWERSHIFT SB E2;MLT_731;MLT 731
MLT 731 120 LSU SB E2;MLT_731;MLT 731
MLT 731 TURBO LSU SB E2;MLT_731;MLT 731
MLT 731 TURBO LSU SC E2;MLT_731;MLT 731
MLT 731 TURBO LSU SD E3;MLT_731;MLT 731
MLT 731 TURBO SB E2;MLT_731;MLT 731
MLT 731 TURBO SC E2;MLT_731;MLT 731
MLT 731 TURBO SD E3;MLT_731;MLT 731
MLT 731 TURBO SE E3;MLT_731;MLT 731
MLT 731 TURBO SF E3;MLT_731;MLT 731
MLT 732 100D ST3B S1;MLT_732;MLT 732
MLT 733 105 D ST4 S1;MLT_733;MLT 733
MLT 733 105 D ST4 S1 TRACT;MLT_733;MLT 733
MLT 733 105 D ST4 S1 TRACT LSU;MLT_733;MLT 733
MLT 733 105 D ST4 S2;MLT_733;MLT 733
MLT 733 105 D ST4 S2 TRACT;MLT_733;MLT 733
MLT 733 105 D ST4 S2 TRACT LSU;MLT_733;MLT 733
MLT 735 100 H ST3B;MLT_735;MLT 735
MLT 735 100 LSU S7 E3;MLT_735;MLT 735
MLT 735 100 ST3B;MLT_735;MLT 735
MLT 735 120 LSU POWERSHIFT S2 E2;MLT_735;MLT 735
MLT 735 120 LSU POWERSHIFT S3 E2;MLT_735;MLT 735
MLT 735 120 LSU POWERSHIFT S4 E3;MLT_735;MLT 735
MLT 735 120 LSU POWERSHIFT S5 E3;MLT_735;MLT 735
MLT 735 120 LSU POWERSHIFT S6 E3;MLT_735;MLT 735
MLT 735 120 LSU POWERSHIFT S7 E3;MLT_735;MLT 735
MLT 735 120 LSU S2 E2;MLT_735;MLT 735
MLT 735 120 LSU S3 E2;MLT_735;MLT 735
MLT 735 120 LSU S4 E3;MLT_735;MLT 735
MLT 735 120 LSU S5 E3;MLT_735;MLT 735
MLT 735 120 LSU S6 E3;MLT_735;MLT 735
MLT 735 120 LSU S7 E3;MLT_735;MLT 735
MLT 735 120 POWERSHIFT ST3B;MLT_735;MLT 735
MLT 735 120 ST3B;MLT_735;MLT 735
MLT 735 H E2;MLT_735;MLT 735
MLT 735 H E3;MLT_735;MLT 735
MLT 735 H S2 E3;MLT_735;MLT 735
MLT 735 TURBO LSU S5 E3;MLT_735;MLT 735
MLT 735 TURBO LSU S6 E3;MLT_735;MLT 735
MLT 737 130 PS D ST4 S1;MLT_737;MLT 737
MLT 737 130 PS D ST4 S2;MLT_737;MLT 737
MLT 740 120 LSU POWERSHIFT;MLT_740;MLT 740
MLT 740 H LSU TURBO;MLT_740;MLT 740
MLT 740 TURBO;MLT_740;MLT 740
MLT 741 100 H ST3B;MLT_741;MLT 741
MLT 741 100 ST3B;MLT_741;MLT 741
MLT 741 120 H LSU TUV EVOLUTION E3;MLT_741;MLT 741
MLT 741 120 H S3 E3;MLT_741;MLT 741
MLT 741 120 H ST3B;MLT_741;MLT 741
MLT 741 120 LSU POWERSHIFT S2 E2;MLT_741;MLT 741
MLT 741 120 LSU POWERSHIFT S3 E2;MLT_741;MLT 741
MLT 741 120 LSU POWERSHIFT S4 E3;MLT_741;MLT 741
MLT 741 120 LSU POWERSHIFT S5 E3;MLT_741;MLT 741
MLT 741 120 LSU POWERSHIFT S6 E3;MLT_741;MLT 741
MLT 741 120 LSU S2 E2;MLT_741;MLT 741
MLT 741 120 LSU S3 E2;MLT_741;MLT 741
MLT 741 120 LSU S4 E3;MLT_741;MLT 741
MLT 741 120 LSU S5 E3;MLT_741;MLT 741
MLT 741 120 LSU S6 E3;MLT_741;MLT 741
MLT 741 120 POWERSHIFT ST3B;MLT_741;MLT 741
MLT 741 120 ST3B;MLT_741;MLT 741
MLT 741 140 CVT D ST4 S1;MLT_741;MLT 741
MLT 741 140 V PLUS D ST4 S1;MLT_741;MLT 741
MLT 741 140 V PLUS D ST4 S2;MLT_741;MLT 741
MLT 741 H LSU E3;MLT_741;MLT 741
MLT 741 H LSU S2 E3;MLT_741;MLT 741
MLT 741 H LSU TUV E3;MLT_741;MLT 741
MLT 741 H TURBO LSU S6 E3;MLT_741;MLT 741
MLT 741 TURBO LSU S6 E3;MLT_741;MLT 741
MLT 742 H TURBO LSU S2 E2;MLT_742;MLT 742
MLT 742 H TURBO LSU S3 E2;MLT_742;MLT 742
MLT 742 H TURBO LSU S4 E3;MLT_742;MLT 742
MLT 742 TURBO S2 E2;MLT_742;MLT 742
MLT 742 TURBO S3 E2;MLT_742;MLT 742
MLT 742 TURBO S4 E3;MLT_742;MLT 742
MLT 840 115 PS JD ST4 S1;MLT_840;MLT 840
MLT 840 115 PS JD ST4 S2;MLT_840;MLT 840
MLT 840 115 PS JD ST4 S3;MLT_840;MLT 840
MLT 840 115 ST3B;MLT_840;MLT 840
MLT 840 137 PS JD ST4 S1;MLT_840;MLT 840
MLT 840 137 ST3B;MLT_840;MLT 840
MLT 840 145 PS JD ST4 S1;MLT_840;MLT 840
MLT 840 145 PS JD ST4 S2;MLT_840;MLT 840
MLT 845-120 S4 E3;MLT_845-120;MLT 845-120
MLT 845 100D H LSU ST3B S1;MLT_845;MLT 845
MLT 845 120 H S4 E3;MLT_845;MLT 845
MLT 845 120 LSU S3 E2;MLT_845;MLT 845
MLT 845 120 LSU S3 E3;MLT_845;MLT 845
MLT 845 120 LSU S4 E3;MLT_845;MLT 845
MLT 845 120 S5 E3;MLT_845;MLT 845
MLT 845 120D LSU ST3B S1;MLT_845;MLT 845
MLT 845 H TURBO LSU S2 E2;MLT_845;MLT 845
MLT 845 H TURBO LSU S2 E3;MLT_845;MLT 845
MLT 845 H TURBO LSU S3 E3;MLT_845;MLT 845
MLT 935 100 H ST3B;MLT_935;MLT 935
MLT 935 H E2;MLT_935;MLT 935
MLT 935 H E3;MLT_935;MLT 935
MLT 935 H S2 E3;MLT_935;MLT 935
MLT 940 120 H LSU;MLT_940;MLT 940
MLT 940 120 H S3 E3;MLT_940;MLT 940
MLT 940 120 H ST3B;MLT_940;MLT 940
MLT 940 140 CVT D ST4 S1;MLT_940;MLT 940
MLT 940 140 V PLUS D ST4 S1;MLT_940;MLT 940
MLT 940 140 V PLUS D ST4 S2;MLT_940;MLT 940
MLT 940 H LSU E3;MLT_940;MLT 940
MLT 940 H LSU S2 E3;MLT_940;MLT 940
MLT 940 H LSU TUV E3;MLT_940;MLT 940
MLT 940 L 120 LSU S3 E2;MLT_940;MLT 940
MLT 940 L 120 LSU S3 E3;MLT_940;MLT 940
MLT 960 104JD H ST4 S1;MLT_960;MLT 960
MLT 960 104JD ST4 S2;MLT_960;MLT 960
MLT 960 H 140 ST3B;MLT_960;MLT 960
MLT 960 ST4;MLT_960;MLT 960
MLT 960 ST4 S2;MLT_960;MLT 960
MLT 961 104JD ST4 S1;MLT_961;MLT 961
MLT 1035 L TURBO LSU S3 E2;MLT_1035;MLT 1035
MLT 1035 L TURBO LSU S4 E3;MLT_1035;MLT 1035
MLT 1035 L TURBO LSU S5 E3;MLT_1035;MLT 1035
MLT 1035 L TURBO LSU S6 E3;MLT_1035;MLT 1035
MLT 1040 137 ST3B;MLT_1040;MLT 1040
MLT 1040 145 PS JD ST4 S1;MLT_1040;MLT 1040
MLT 1040 145 PS JD ST4 S2;MLT_1040;MLT 1040
MLT 1040 145 PS L JD ST4 S1;MLT_1040;MLT 1040
MLT 1040 145 PS L JD ST4 S2;MLT_1040;MLT 1040
MLT 1040 L 137 PS JD ST4 S1;MLT_1040;MLT 1040
MLT 1040 L 137 ST3B;MLT_1040;MLT 1040
MOB 130;MOB_130;MOB 130
MOB 170;MOB_170;MOB 170
MOB 170 EVOLUTION;MOB_170;MOB 170
MOB 170 RP;MOB_170;MOB 170
MOB 171;MOB_171;MOB 171
MRT-X 1440 400 EASY MOT 1104D 44T E3;MRT-X_1440;MRT-X 1440
MRT-X 1440 EASY 75P 400 ST3A S2;MRT-X_1440;MRT-X 1440
MRT-X 1640 400 EASY MOT 1104D 44T E3;MRT-X_1640;MRT-X 1640
MRT-X 1640 EASY 75P 400 ST3A S2;MRT-X_1640;MRT-X 1640
MRT-X 1840 360 EASY MOT 1104D 44T E3;MRT-X_1840;MRT-X 1840
MRT-X 1840 400 EASY MOT 1104D 44T E3;MRT-X_1840;MRT-X 1840
MRT-X 1840 EASY 75P 400 ST3A S2;MRT-X_1840;MRT-X 1840
MRT-X 1840 EASY 400° E3 S2;MRT-X_1840;MRT-X 1840
MRT-X 2145 EASY 75P 400 ST3A S2;MRT-X_2145;MRT-X 2145
MRT-X 2150 PRIVILEGE E3;MRT-X_2150;MRT-X 2150
MRT-X 2150 PRIVILEGE PLUS;MRT-X_2150;MRT-X 2150
MRT-X 2150 PRIVILEGE PLUS ST3A S2;MRT-X_2150;MRT-X 2150
MRT-X 2150 PRIVILEGE PLUS ST3A S2;MRT-X_2150 PRIVILEGE;MRT-X 2150 PRIVILEGE
MRT-X 2470 PRIVILEGE PLUS ST3A S1;MRT-X_2470;MRT-X 2470
MRT-X 2540 PRIVILEGE PLUS;MRT-X_2540;MRT-X 2540
MRT-X 2550 PRIVILEGE PLUS ST3A S2;MRT-X_2550;MRT-X 2550
MRT-X 3050 PRIVILEGE;MRT-X_3050;MRT-X 3050
MRT-X 3050 PRIVILEGE E3;MRT-X_3050;MRT-X 3050
MRT-X 3255 PRIVILEGE PLUS ST3A;MRT-X_3255;MRT-X 3255
MRT 1330 TURBO MOT 1004 4T;MRT_1330;MRT 1330
MRT 1430 TURBO COMFORT LINE MOT 1004 4T;MRT_1430;MRT 1430
MRT 1432 TURBO COMFORT LINE MOT 1004 4T;MRT_1432;MRT 1432
MRT 1432 TURBO COMFORT LINE MOT 1004 40T;MRT_1432;MRT 1432
MRT 1432 TURBO SERIE M 360 MOT 1004 40T;MRT_1432;MRT 1432
MRT 1432 TURBO SERIE M 360 MOT 1104C 44T E2;MRT_1432;MRT 1432
MRT 1432 TURBO SERIE M 360 MOT 1104D 44T E3;MRT_1432;MRT 1432
MRT 1432 TURBO SERIE M 400 MOT 1004 40T;MRT_1432;MRT 1432
MRT 1432 TURBO SERIE M 400 MOT 1104C 44T E2;MRT_1432;MRT 1432
MRT 1432 TURBO SERIE M 400 MOT 1104D 44T E3;MRT_1432;MRT 1432
MRT 1440 400 EASY MOT 1104D 44T E3;MRT_1440;MRT 1440
MRT 1440 400 EASY ST3B;MRT_1440;MRT 1440
MRT 1440 EASY 55P 400 ST4 S2;MRT_1440;MRT 1440
MRT 1530 TURBO COMFORT LINE MOT 1004 4T;MRT_1530;MRT 1530
MRT 1540 TURBO MOT 1004 4T;MRT_1540;MRT 1540
MRT 1542 TURBO COMFORT LINE MOT 1004 4T;MRT_1542;MRT 1542
MRT 1542 TURBO COMFORT LINE MOT 1004 40T;MRT_1542;MRT 1542
MRT 1542 TURBO SERIE M 360 MOT 1004 40T;MRT_1542;MRT 1542
MRT 1542 TURBO SERIE M 360 MOT 1104C 44T E2;MRT_1542;MRT 1542
MRT 1542 TURBO SERIE M 360 MOT 1104D 44T E3;MRT_1542;MRT 1542
MRT 1542 TURBO SERIE M 400 MOT 1004 40T;MRT_1542;MRT 1542
MRT 1542 TURBO SERIE M 400 MOT 1104C 44T E2;MRT_1542;MRT 1542
MRT 1542 TURBO SERIE M 400 MOT 1104D 44T E3;MRT_1542;MRT 1542
MRT 1635 TURBO SERIE M 360 MOT 1104C 44T E2;MRT_1635;MRT 1635
MRT 1635 TURBO SERIE M 360 MOT 1104D 44T E3;MRT_1635;MRT 1635
MRT 1635 TURBO SERIE M 400 MOT 1004 40T;MRT_1635;MRT 1635
MRT 1635 TURBO SERIE M 400 MOT 1104C 44T E2;MRT_1635;MRT 1635
MRT 1635 TURBO SERIE M 400 MOT 1104D 44T E3;MRT_1635;MRT 1635
MRT 1640 360 EASY ST3B;MRT_1640;MRT 1640
MRT 1640 400 EASY MOT 1104D 44T E3;MRT_1640;MRT 1640
MRT 1640 400 EASY ST3B;MRT_1640;MRT 1640
MRT 1640 EASY 75P 400 ST3B S2;MRT_1640;MRT 1640
MRT 1640 EASY 360° 3B S2;MRT_1640;MRT 1640
MRT 1650 TURBO COMFORT LINE MOT 1004 40T;MRT_1650;MRT 1650
MRT 1742 TURBO SERIE M 360 MOT 1004 40T;MRT_1742;MRT 1742
MRT 1742 TURBO SERIE M 360 MOT 1104C 44T E2;MRT_1742;MRT 1742
MRT 1742 TURBO SERIE M 360 MOT 1104D 44T E3;MRT_1742;MRT 1742
MRT 1742 TURBO SERIE M 400 MOT 1004 40T;MRT_1742;MRT 1742
MRT 1742 TURBO SERIE M 400 MOT 1104C 44T E2;MRT_1742;MRT 1742
MRT 1742 TURBO SERIE M 400 MOT 1104D 44T E3;MRT_1742;MRT 1742
MRT 1840 360 EASY MOT 1104D 44T E3;MRT_1840;MRT 1840
MRT 1840 360 EASY ST3B;MRT_1840;MRT 1840
MRT 1840 400 EASY MOT 1104D 44T E3;MRT_1840;MRT 1840
MRT 1840 400 EASY ST3B;MRT_1840;MRT 1840
MRT 1840 EASY 55P 400 ST4 S2;MRT_1840;MRT 1840
MRT 1840 EASY 75P 360 ST3B S2;MRT_1840;MRT 1840
MRT 1840 EASY 75P 400 ST3B S2;MRT_1840;MRT 1840
MRT 1840 TURBO COMFORT LINE MOT 1004 4T;MRT_1840;MRT 1840
MRT 1842 TURBO SERIE M 360 MOT 1104C 44TA E2;MRT_1842;MRT 1842
MRT 1842 TURBO SERIE M 360 MOT 1104D 44T E3;MRT_1842;MRT 1842
MRT 1842 TURBO SERIE M 400 MOT 1104C 44TA E2;MRT_1842;MRT 1842
MRT 1842 TURBO SERIE M 400 MOT 1104D 44T E3;MRT_1842;MRT 1842
MRT 1850 PRIVILEGE PLUS;MRT_1850;MRT 1850
MRT 1850 TURBO COMFORT LINE MOT 1004 40T;MRT_1850;MRT 1850
MRT 1850 TURBO PRIVILEGE E3;MRT_1850;MRT 1850
MRT 1850 TURBO SERIE M 360 MOT 1104C 44T E2;MRT_1850;MRT 1850
MRT 1850 TURBO SERIE M MOT 1004 40T;MRT_1850;MRT 1850
MRT 2145 75P 400 EASY ST3B S1;MRT_2145;MRT 2145
MRT 2145 75P 400 EASY ST3B S2;MRT_2145;MRT 2145
MRT 2145 EASY 55P 360 ST4 S2;MRT_2145;MRT 2145
MRT 2145 EASY 75P 360 ST3B;MRT_2145;MRT 2145
MRT 2145 EASY 360 ST3B S1;MRT_2145;MRT 2145
MRT 2145 EASY 360° 3B S2;MRT_2145;MRT 2145
MRT 2145 EASY 400 ST3B S1;MRT_2145;MRT 2145
MRT 2145 EASY 400° ST4 S2;MRT_2145;MRT 2145
MRT 2145 TURBO COMFORT LINE MOT 1004 40T;MRT_2145;MRT 2145
MRT 2145 TURBO SERIE M MOT 1004 40T;MRT_2145;MRT 2145
MRT 2150 PRIVILEGE PLUS;MRT_2150;MRT 2150
MRT 2150 PRIVILEGE PLUS ARMEE FRANCAISE;MRT_2150;MRT 2150
MRT 2150 PRIVILEGE PLUS ST4;MRT_2150;MRT 2150
MRT 2150 PRIVILEGE PLUS ST4 S2;MRT_2150;MRT 2150
MRT 2150 R 400 EURO3 IT;MRT_2150;MRT 2150
MRT 2150 TURBO PRIVILEGE E3;MRT_2150;MRT 2150
MRT 2150 TURBO SAUER PRIVILEGE E3;MRT_2150;MRT 2150
MRT 2150 TURBO SERIE M MOT 1104C 44TA E2;MRT_2150;MRT 2150
MRT 2440 EPS SERIE M MOT 1104C 44TA E2;MRT_2440;MRT 2440
MRT 2470 PRIVILEGE + ST4 S2;MRT_2470 PRIVILEGE;MRT 2470 PRIVILEGE
MRT 2540 PRIVILEGE PLUS;MRT_2540;MRT 2540
MRT 2540 PRIVILEGE PLUS ST4;MRT_2540;MRT 2540
MRT 2540 TURBO PRIVILEGE E3;MRT_2540;MRT 2540
MRT 2540 TURBO SAUER PRIVILEGE E3;MRT_2540;MRT 2540
MRT 2540 TURBO SERIE M MOT 1104C 44TA E2;MRT_2540;MRT 2540
MRT 2545 EASY 75P 360 ST3B;MRT_2545;MRT 2545
MRT 2545 EASY 75P 400 ST3B S2;MRT_2545;MRT 2545
MRT 2545 EASY 360° 3B;MRT_2545;MRT 2545
MRT 2550 PRIVILEGE PLUS ST4 S2;MRT_2550;MRT 2550
MRT 3050 PRIVILEGE E3;MRT_3050;MRT 3050
MRT 3050 PRIVILEGE PLUS ST4 S2;MRT_3050;MRT 3050
MRT 3255 PRIVILEGE PLUS ST4;MRT_3255;MRT 3255
MSI 20;MSI_20;MSI 20
MSI 20 BUGGIE;MSI_20;MSI 20
MSI 20 D;MSI_20;MSI 20
MSI 20 D BUGGIE;MSI_20;MSI 20
MSI 20 D BUGGIE S2 E2;MSI_20;MSI 20
MSI 20 D S2 E2;MSI_20;MSI 20
MSI 20 G;MSI_20;MSI 20
MSI 20 G BUGGIE;MSI_20;MSI 20
MSI 20 G BUGGIE S2 E2;MSI_20;MSI 20
MSI 20 G S2 E2;MSI_20;MSI 20
MSI 20 T 4ST3B;MSI_20;MSI 20
MSI 20 TURBO BUGGIE S1 E2;MSI_20;MSI 20
MSI 20 TURBO BUGGIE S2 E3;MSI_20;MSI 20
MSI 20 TURBO BUGGIE S3 E3;MSI_20;MSI 20
MSI 20 TURBO S1 E2;MSI_20;MSI 20
MSI 20 TURBO S2 E3;MSI_20;MSI 20
MSI 20 TURBO S3 E3;MSI_20;MSI 20
MSI 25;MSI_25;MSI 25
MSI 25 36KW 4ST3A;MSI_25;MSI 25
MSI 25 BUGGIE;MSI_25;MSI 25
MSI 25 D;MSI_25;MSI 25
MSI 25 D BUGGIE;MSI_25;MSI 25
MSI 25 D BUGGIE S2 E2;MSI_25;MSI 25
MSI 25 D S2 E2;MSI_25;MSI 25
MSI 25 G;MSI_25;MSI 25
MSI 25 G BUGGIE;MSI_25;MSI 25
MSI 25 G BUGGIE S2 E2;MSI_25;MSI 25
MSI 25 G S2 E2;MSI_25;MSI 25
MSI 25 T 4ST3A;MSI_25;MSI 25
MSI 25 T 4ST3B;MSI_25;MSI 25
MSI 25 TURBO BUGGIE S1 E2;MSI_25;MSI 25
MSI 25 TURBO BUGGIE S2 E3;MSI_25;MSI 25
MSI 25 TURBO BUGGIE S3 E3;MSI_25;MSI 25
MSI 25 TURBO S1 E2;MSI_25;MSI 25
MSI 25 TURBO S2 E3;MSI_25;MSI 25
MSI 25 TURBO S3 E3;MSI_25;MSI 25
MSI 30;MSI_30;MSI 30
MSI 30 36KW 4ST3A;MSI_30;MSI 30
MSI 30 BUGGIE;MSI_30;MSI 30
MSI 30 D;MSI_30;MSI 30
MSI 30 D BUGGIE;MSI_30;MSI 30
MSI 30 D BUGGIE S2 E2;MSI_30;MSI 30
MSI 30 D S2 E2;MSI_30;MSI 30
MSI 30 G;MSI_30;MSI 30
MSI 30 G BUGGIE;MSI_30;MSI 30
MSI 30 G BUGGIE S2 E2;MSI_30;MSI 30
MSI 30 G S2 E2;MSI_30;MSI 30
MSI 30 T 4ST3A;MSI_30;MSI 30
MSI 30 T 4ST3B;MSI_30;MSI 30
MSI 30 TURBO BUGGIE S1 E2;MSI_30;MSI 30
MSI 30 TURBO BUGGIE S2 E3;MSI_30;MSI 30
MSI 30 TURBO BUGGIE S3 E3;MSI_30;MSI 30
MSI 30 TURBO S1 E2;MSI_30;MSI 30
MSI 30 TURBO S2 E3;MSI_30;MSI 30
MSI 30 TURBO S3 E3;MSI_30;MSI 30
MSI 35 36KW 4ST3A;MSI_35;MSI 35
MSI 35 D K ST3A S5;MSI_35;MSI 35
MSI 35 T 4ST3A;MSI_35;MSI 35
MSI 35 T 4ST3B;MSI_35;MSI 35
MSI 35 TURBO;MSI_35;MSI 35
MSI 35 TURBO BUGGIE;MSI_35;MSI 35
MSI 35 TURBO BUGGIE S2 E2;MSI_35;MSI 35
MSI 35 TURBO BUGGIE S2 E3;MSI_35;MSI 35
MSI 35 TURBO BUGGIE S3 E3;MSI_35;MSI 35
MSI 35 TURBO S2 E2;MSI_35;MSI 35
MSI 35 TURBO S2 E3;MSI_35;MSI 35
MSI 35 TURBO S3 E3;MSI_35;MSI 35
MSI 40;MSI_40;MSI 40
MSI 40 H S1 E2;MSI_40;MSI 40
MSI 40 ST3B;MSI_40;MSI 40
MSI 40 TURBO EVOLUTION S1 E3;MSI_40;MSI 40
MSI 40 TURBO ST3B;MSI_40;MSI 40
MSI 50;MSI_50;MSI 50
MSI 50 H S1 E2;MSI_50;MSI 50
MSI 50 H S1 E2 ARMEE LITUANIENNE;MSI_50;MSI 50
MSI 50 ST3B;MSI_50;MSI 50
MSI 50 TURBO EVOLUTION S1 E3;MSI_50;MSI 50
MSI 50 TURBO ST3B;MSI_50;MSI 50
MSI_25_T_4ST3B;MSI_25_T_4ST3B_;MSI_25_T_4ST3B
MT-X 625 TURBO COMFORT S2 E3;MT-X_625;MT-X 625
MT-X 625 TURBO S2 E3;MT-X_625;MT-X 625
MT-X 732 95P ST3A S1;MT-X_732;MT-X 732
MT-X 732 MINING;MT-X_732;MT-X 732
MT-X 732 SD E3;MT-X_732;MT-X 732
MT-X 732 SE E3;MT-X_732;MT-X 732
MT-X 1030 S MINING;MT-X_1030;MT-X 1030
MT-X 1030 S MINING AWP;MT-X_1030;MT-X 1030
MT-X 1030 S TURBO S4 E3;MT-X_1030;MT-X 1030
MT-X 1030 S TURBO S5 E3;MT-X_1030;MT-X 1030
MT-X 1235 S TURBO S3 E3;MT-X_1235;MT-X 1235
MT-X 1440 A E3;MT-X_1440;MT-X 1440
MT-X 1440 E3;MT-X_1440;MT-X 1440
MT-X 1440 SL TURBO S4 E3;MT-X_1440;MT-X 1440
MT-X 1740 100P PS SLT LSU ST3A S4;MT-X_1740;MT-X 1740
MT-X 1740 SL TURBO S3 E3;MT-X_1740;MT-X 1740
MT-X 1840 A E3;MT-X_1840;MT-X 1840
MT-X 1840 E3;MT-X_1840;MT-X 1840
MT 215;MT_215;MT 215
MT 220;MT_220;MT 220
MT 220 FC;MT_220;MT 220
MT 222 CP;MT_222;MT 222
MT 222 FC;MT_222;MT 222
MT 225;MT_225;MT 225
MT 225 CP;MT_225;MT 225
MT 225 FC;MT_225;MT 225
MT 225 FC USA;MT_225;MT 225
MT 231 CP;MT_231;MT 231
MT 408 TURBO;MT_408;MT 408
MT 420;MT_420;MT 420
MT 420 FC;MT_420;MT 420
MT 420 H 49K ST3A S1;MT_420;MT 420
MT 420H 49K ST3A S1;MT_420H;MT 420H
MT 422 CP;MT_422;MT 422
MT 422 CP TURBO;MT_422;MT 422
MT 422 FC;MT_422;MT 422
MT 425;MT_425;MT 425
MT 425 CP;MT_425;MT 425
MT 425 CP TURBO;MT_425;MT 425
MT 425 CP TURBO FARM LOADER;MT_425;MT 425
MT 425 CP USA;MT_425;MT 425
MT 425 FC;MT_425;MT 425
MT 425 FC USA;MT_425;MT 425
MT 425 H;MT_425;MT 425
MT 430 CP;MT_430;MT 430
MT 430 CPDS;MT_430;MT 430
MT 430 CPL;MT_430;MT 430
MT 430 CPLC;MT_430;MT 430
MT 430 CPS;MT_430;MT 430
MT 431 CP;MT_431;MT 431
MT 431 CP TURBO;MT_431;MT 431
MT 431 H;MT_431;MT 431
MT 433 CP VOIR CATALOGUE 47824;MT_433;MT 433
MT 440 DCP;MT_440;MT 440
MT 440 SCP;MT_440;MT 440
MT 450 CP;MT_450;MT 450
MT 450 CP USA;MT_450;MT 450
MT 455 CP;MT_455;MT 455
MT 460 CP;MT_460;MT 460
MT 523 SA;MT_523;MT 523
MT 523 SB E2;MT_523;MT 523
MT 620 S2E2;MT_620;MT 620
MT 620 SB E2;MT_620;MT 620
MT 620 TURBO EVOLUTION SC E3;MT_620;MT 620
MT 625 H COMFORT ST3B;MT_625;MT 625
MT 625 H EASY 49K ST3A S1;MT_625;MT 625
MT 625 H TURBO ST3B;MT_625;MT 625
MT 625 HA 75K ST3B S1;MT_625;MT 625
MT 625 TURBO COMFORT S1 E3;MT_625;MT 625
MT 625 TURBO COMFORT S2 E3;MT_625;MT 625
MT 625 TURBO S1 E3;MT_625;MT 625
MT 625 TURBO S2 E3;MT_625;MT 625
MT 727 SERIE C;MT_727;MT 727
MT 728-2;MT_728-2;MT 728-2
MT 728-2 TURBO;MT_728-2;MT 728-2
MT 728-4;MT_728-4;MT 728-4
MT 728-4 TURBO;MT_728-4;MT 728-4
MT 728 SB E2;MT_728;MT 728
MT 728 SC E2;MT_728;MT 728
MT 728 SD E3;MT_728;MT 728
MT 732;MT_732;MT 732
MT 732 EASY 75D ST3B S1;MT_732;MT 732
MT 732 SA;MT_732;MT 732
MT 732 SB E2;MT_732;MT 732
MT 732 SC E2;MT_732;MT 732
MT 732 SD E3;MT_732;MT 732
MT 732 SE E3;MT_732;MT 732
MT 732 ST3B;MT_732;MT 732
MT 732 TURBO;MT_732;MT 732
MT 732 TURBO SC E2;MT_732;MT 732
MT 830 CP;MT_830;MT 830
MT 830 CP TURBO;MT_830;MT 830
MT 830 CP TURBO ULTRA;MT_830;MT 830
MT 830 S2;MT_830;MT 830
MT 833 CP;MT_833;MT 833
MT 833 CP TURBO;MT_833;MT 833
MT 835;MT_835;MT 835
MT 835 120 LS S2;MT_835;MT 835
MT 835 EASY 75D ST3B S1;MT_835;MT 835
MT 835 H ST3B;MT_835;MT 835
MT 835 ST3B;MT_835;MT 835
MT 835 TURBO MONO ULTRA;MT_835;MT 835
MT 840;MT_840;MT 840
MT 840 CP;MT_840;MT 840
MT 840 CP TURBO;MT_840;MT 840
MT 840 CP TURBO ULTRA;MT_840;MT 840
MT 840 S2;MT_840;MT 840
MT 840 SP;MT_840;MT 840
MT 845;MT_845;MT 845
MT 845 TURBO;MT_845;MT 845
MT 845 TURBO MONO ULTRA;MT_845;MT 845
MT 845 TURBO MONO ULTRA S2;MT_845;MT 845
MT 845 TURBO S2;MT_845;MT 845
MT 927-4 USA;MT_927-4;MT 927-4
MT 927 SERIE C;MT_927;MT 927
MT 928-4;MT_928-4;MT 928-4
MT 928-4 TURBO;MT_928-4;MT 928-4
MT 928 SB E2;MT_928;MT 928
MT 930;MT_930;MT 930
MT 930 CP;MT_930;MT 930
MT 930 CP TURBO;MT_930;MT 930
MT 930 CP TURBO ULTRA;MT_930;MT 930
MT 930 S S2;MT_930;MT 930
MT 930 S2;MT_930;MT 930
MT 930 SCP;MT_930;MT 930
MT 930 SCP TURBO;MT_930;MT 930
MT 932;MT_932;MT 932
MT 932 EASY 75D ST3B S1;MT_932;MT 932
MT 932 SA;MT_932;MT 932
MT 932 SB E2;MT_932;MT 932
MT 932 SC E2;MT_932;MT 932
MT 932 SD E3;MT_932;MT 932
MT 932 SE E3;MT_932;MT 932
MT 932 ST3B;MT_932;MT 932
MT 932 TURBO;MT_932;MT 932
MT 932 TURBO SA;MT_932;MT 932
MT 933 CP;MT_933;MT 933
MT 933 CP TURBO;MT_933;MT 933
MT 933 SCP;MT_933;MT 933
MT 933 SCP TURBO;MT_933;MT 933
MT 940 L;MT_940;MT 940
MT 940 L 120 LS USA;MT_940;MT 940
MT 940 L S2;MT_940;MT 940
MT 940 L TURBO;MT_940;MT 940
MT 940 L TURBO MONO ULTRA;MT_940;MT 940
MT 940 L TURBO MONO ULTRA S2;MT_940;MT 940
MT 940 L TURBO S2;MT_940;MT 940
MT 940 L TURBO S3 E2;MT_940;MT 940
MT 940 L TURBO S3 E3;MT_940;MT 940
MT 940 LAT;MT_940;MT 940
MT 1030 EASY 75D ST3B S1;MT_1030;MT 1030
MT 1030 EASY 75D ST3B S2;MT_1030;MT 1030
MT 1030 S;MT_1030;MT 1030
MT 1030 S S2 E2;MT_1030;MT 1030
MT 1030 S S3 E2;MT_1030;MT 1030
MT 1030 S S4 E3;MT_1030;MT 1030
MT 1030 S TURBO S2 E2;MT_1030;MT 1030
MT 1030 S TURBO S3 E2;MT_1030;MT 1030
MT 1030 S TURBO S4 E3;MT_1030;MT 1030
MT 1030 S TURBO S5 E3;MT_1030;MT 1030
MT 1033 H L TURBO;MT_1033;MT 1033
MT 1033 H L TURBO S2 E2;MT_1033;MT 1033
MT 1033 H L TURBO S3 E2;MT_1033;MT 1033
MT 1033 H L TURBO S4 E3;MT_1033;MT 1033
MT 1133 H SL;MT_1133;MT 1133
MT 1133 S R;MT_1133;MT 1133
MT 1135 100P ST4 S1;MT_1135;MT 1135
MT 1135 EASY 75D ST3B S1;MT_1135;MT 1135
MT 1135 H A ST3B;MT_1135;MT 1135
MT 1135 H ST3B;MT_1135;MT 1135
MT 1135 HA EASY 75D ST3B S1;MT_1135;MT 1135
MT 1135 ST3B;MT_1135;MT 1135
MT 1140 TURBO ULTRA;MT_1140;MT 1140
MT 1230 S S2;MT_1230;MT 1230
MT 1230 SCP;MT_1230;MT 1230
MT 1230 SCP NACELLE ORH;MT_1230;MT 1230
MT 1230 SCP SERIE C;MT_1230;MT 1230
MT 1230 SCP TURBO;MT_1230;MT 1230
MT 1230 SCP TURBO NACELLE ORH;MT_1230;MT 1230
MT 1230 SCP TURBO ULTRA;MT_1230;MT 1230
MT 1230 SCP ULTRA;MT_1230;MT 1230
MT 1232 S;MT_1232;MT 1232
MT 1232 S TURBO;MT_1232;MT 1232
MT 1232 S TURBO MONO ULTRA;MT_1232;MT 1232
MT 1233 S S2;MT_1233;MT 1233
MT 1233 S TURBO MONO ULTRA S2;MT_1233;MT 1233
MT 1233 S TURBO S2;MT_1233;MT 1233
MT 1233 SCP TURBO;MT_1233;MT 1233
MT 1235 CP 10-10 ULTRA;MT_1235;MT 1235
MT 1235 CP 10-10 ULTRA S3;MT_1235;MT 1235
MT 1235 CP TURBO 10-10 ULTRA;MT_1235;MT 1235
MT 1235 H S TURBO S2 E2;MT_1235;MT 1235
MT 1235 HS S3 E3;MT_1235;MT 1235
MT 1235 S S3 E2;MT_1235;MT 1235
MT 1235 S TURBO S3 E2;MT_1235;MT 1235
MT 1235 S TURBO S3 E3;MT_1235;MT 1235
MT 1235 S TURBO S4 E3;MT_1235;MT 1235
MT 1240 L;MT_1240;MT 1240
MT 1240 L S2;MT_1240;MT 1240
MT 1240 L TURBO;MT_1240;MT 1240
MT 1240 L TURBO MONO ULTRA;MT_1240;MT 1240
MT 1240 L TURBO MONO ULTRA S2;MT_1240;MT 1240
MT 1240 L TURBO S2;MT_1240;MT 1240
MT 1240 L TURBO S3 E2;MT_1240;MT 1240
MT 1240 L TURBO ULTRA S3 E2;MT_1240;MT 1240
MT 1330 SL;MT_1330;MT 1330
MT 1330 SL S2;MT_1330;MT 1330
MT 1330 SL TURBO;MT_1330;MT 1330
MT 1330 SL TURBO S2;MT_1330;MT 1330
MT 1332 H SL;MT_1332;MT 1332
MT 1332 H SL TURBO;MT_1332;MT 1332
MT 1332 H SL TURBO MONO ULTRA;MT_1332;MT 1332
MT 1332 H SL TURBO MONO ULTRA ORH;MT_1332;MT 1332
MT 1335 100P ST4 S1;MT_1335;MT 1335
MT 1335 EASY 75D ST3B S1;MT_1335;MT 1335
MT 1335 H A ST3B;MT_1335;MT 1335
MT 1335 H EASY 75D ST3B S1;MT_1335;MT 1335
MT 1335 H SL TURBO MONO ULTRA ORH S2 E2;MT_1335;MT 1335
MT 1335 H SL TURBO S2 E2;MT_1335;MT 1335
MT 1335 H SL TURBO ULTRA ORH RC S2 E2;MT_1335;MT 1335
MT 1335 H SL TURBO ULTRA S2 E2;MT_1335;MT 1335
MT 1335 H ST3B;MT_1335;MT 1335
MT 1335 HA EASY 75D ST3B S1;MT_1335;MT 1335
MT 1335 SL S3 E2;MT_1335;MT 1335
MT 1335 SL TURBO S3 E2;MT_1335;MT 1335
MT 1335 ST3B;MT_1335;MT 1335
MT 1337 SL;MT_1337;MT 1337
MT 1337 SL S2;MT_1337;MT 1337
MT 1337 SL TURBO;MT_1337;MT 1337
MT 1337 SL TURBO MONO ULTRA;MT_1337;MT 1337
MT 1337 SL TURBO MONO ULTRA ORH;MT_1337;MT 1337
MT 1337 SL TURBO MONO ULTRA ORH S2;MT_1337;MT 1337
MT 1337 SL TURBO MONO ULTRA S2;MT_1337;MT 1337
MT 1337 SL TURBO S2;MT_1337;MT 1337
MT 1340 SL TURBO MONO ULTRA ORH S3 E2;MT_1340;MT 1340
MT 1340 SL TURBO S3 E2;MT_1340;MT 1340
MT 1340 SL TURBO ULTRA ORH RC S3 E2;MT_1340;MT 1340
MT 1340 SL TURBO ULTRA S3 E2;MT_1340;MT 1340
MT 1435 100P ST3B S1;MT_1435;MT 1435
MT 1435 EASY 75D ST3B S1;MT_1435;MT 1435
MT 1435 H SL S2 E3;MT_1435;MT 1435
MT 1435 H SL S3 E3;MT_1435;MT 1435
MT 1435 H SL TURBO A MONO ULTRA ORH S2 E3;MT_1435;MT 1435
MT 1435 H SL TURBO MONO ULTRA ORH S2 E2;MT_1435;MT 1435
MT 1435 H SL TURBO S2 E2;MT_1435;MT 1435
MT 1435 H SL TURBO ULTRA ORH RC S2 E2;MT_1435;MT 1435
MT 1435 H SL TURBO ULTRA S2 E2;MT_1435;MT 1435
MT 1435 SL S3 E2;MT_1435;MT 1435
MT 1435 SL S3 E3;MT_1435;MT 1435
MT 1435 SL TURBO S3 E2;MT_1435;MT 1435
MT 1435 SL TURBO S3 E3;MT_1435;MT 1435
MT 1435 SL TURBO S4 E3;MT_1435;MT 1435
MT 1436 R PRIVILEGE;MT_1436;MT 1436
MT 1440 100P ST3B S2;MT_1440;MT 1440
MT 1440 100P ST4 S1;MT_1440;MT 1440
MT 1440 A 100P ST4 S1;MT_1440;MT 1440
MT 1440 A E3;MT_1440;MT 1440
MT 1440 A PRIVILEGE;MT_1440;MT 1440
MT 1440 A ST3B;MT_1440;MT 1440
MT 1440 E3;MT_1440;MT 1440
MT 1440 EASY 75D ST3B S1;MT_1440;MT 1440
MT 1440 EP PRIVILEGE;MT_1440;MT 1440
MT 1440 H E3;MT_1440;MT 1440
MT 1440 H PRIVILEGE;MT_1440;MT 1440
MT 1440 H ST3B;MT_1440;MT 1440
MT 1440 HA 100P ST4 S1;MT_1440;MT 1440
MT 1440 HA E3;MT_1440;MT 1440
MT 1440 HA PRIVILEGE;MT_1440;MT 1440
MT 1440 HA ST3B;MT_1440;MT 1440
MT 1440 PRIVILEGE;MT_1440;MT 1440
MT 1440 SL TURBO MONO ULTRA ORH S3 E2;MT_1440;MT 1440
MT 1440 SL TURBO S3 E2;MT_1440;MT 1440
MT 1440 SL TURBO ULTRA ORH RC S3 E2;MT_1440;MT 1440
MT 1440 SL TURBO ULTRA S3 E2;MT_1440;MT 1440
MT 1440 ST3B;MT_1440;MT 1440
MT 1445 H L TURBO S2 E2 USA;MT_1445;MT 1445
MT 1530 S;MT_1530;MT 1530
MT 1530 SCP SC;MT_1530;MT 1530
MT 1530 SCP TURBO;MT_1530;MT 1530
MT 1530 SCP TURBO NACELLE ORH;MT_1530;MT 1530
MT 1530 SCP TURBO ULTRA;MT_1530;MT 1530
MT 1530 SCP ULTRA;MT_1530;MT 1530
MT 1637 SL;MT_1637;MT 1637
MT 1637 SL S2;MT_1637;MT 1637
MT 1637 SL TURBO;MT_1637;MT 1637
MT 1637 SL TURBO MONO ULTRA;MT_1637;MT 1637
MT 1637 SL TURBO MONO ULTRA ORH;MT_1637;MT 1637
MT 1637 SL TURBO MONO ULTRA ORH S2;MT_1637;MT 1637
MT 1637 SL TURBO MONO ULTRA S2;MT_1637;MT 1637
MT 1637 SL TURBO S2;MT_1637;MT 1637
MT 1645 HSL TURBO MONO ULTRA USA;MT_1645;MT 1645
MT 1740 SL TURBO MONO ULTRA ORH E3;MT_1740;MT 1740
MT 1740 SL TURBO MONO ULTRA ORH S2;MT_1740;MT 1740
MT 1740 SL TURBO MONO ULTRA ORH S3 E2;MT_1740;MT 1740
MT 1740 SL TURBO S2;MT_1740;MT 1740
MT 1740 SL TURBO S3 E2;MT_1740;MT 1740
MT 1740 SL TURBO S3 E3;MT_1740;MT 1740
MT 1740 SL TURBO ULTRA ORH RC S3 E2;MT_1740;MT 1740
MT 1740 SL TURBO ULTRA S3 E2;MT_1740;MT 1740
MT 1745 H SL MONO ULTRA USA E3;MT_1745;MT 1745
MT 1745 H SL TURBO MONO ULTRA USA S2 E2;MT_1745;MT 1745
MT 1745 H SL TURBO ULTRA ORH RC S2 E2;MT_1745;MT 1745
MT 1745 H SL TURBO ULTRA S2 E2;MT_1745;MT 1745
MT 1840 100P ST3B S2;MT_1840;MT 1840
MT 1840 100P ST4 S1;MT_1840;MT 1840
MT 1840 A 100P ST4 S1;MT_1840;MT 1840
MT 1840 A E3;MT_1840;MT 1840
MT 1840 A PRIVILEGE;MT_1840;MT 1840
MT 1840 A ST3B;MT_1840;MT 1840
MT 1840 E3;MT_1840;MT 1840
MT 1840 EASY 75D ST3B S1;MT_1840;MT 1840
MT 1840 EP PRIVILEGE;MT_1840;MT 1840
MT 1840 H E3;MT_1840;MT 1840
MT 1840 H PRIVILEGE;MT_1840;MT 1840
MT 1840 H ST3B;MT_1840;MT 1840
MT 1840 HA 100P ST4 S1;MT_1840;MT 1840
MT 1840 HA E3;MT_1840;MT 1840
MT 1840 HA PRIVILEGE;MT_1840;MT 1840
MT 1840 HA ST3B;MT_1840;MT 1840
MT 1840 PRIVILEGE;MT_1840;MT 1840
MT 1840 R PRIVILEGE;MT_1840;MT 1840
MT 1840 ST3B;MT_1840;MT 1840
MT 1841 BASE;MT_1841;MT 1841
MT 6034 T;MT_6034;MT 6034
MT 6642 T;MT_6642;MT 6642
MT 8044 T;MT_8044;MT 8044
MTD 1140;MTD_1140;MTD 1140
MTI 235;MTI_235;MTI 235
MTI 240;MTI_240;MTI 240
MTI 245;MTI_245;MTI 245
MTI 530;MTI_530;MTI 530
MVT 628 REXROTH COMFORT LINE MOT 1104C 44T E2;MVT_628;MVT 628
MVT 628 TURBO C E2;MVT_628;MVT 628
MVT 628 TURBO COMFORT E3;MVT_628;MVT 628
MVT 628 TURBO EVOLUTION S2 E3;MVT_628;MVT 628
MVT 628 TURBO MOT 1104D 44T E3;MVT_628;MVT 628
MVT 628 TURBO MOT 1104D 44T E3 USA;MVT_628;MVT 628
MVT 628 TURBO REXROTH COMFORT LINE MOT 1004 40T;MVT_628;MVT 628
MVT 660 MOT 1004 4;MVT_660;MVT 660
MVT 660 TURBO MOT 1004 4T;MVT_660;MVT 660
MVT 665 TURBO COMFORT LINE MOT 1004 4T;MVT_665;MVT 665
MVT 665 TURBO COMFORT LINE MOT 1004 40T;MVT_665;MVT 665
MVT 665 TURBO COMFORT LINE MOT 1104C 44TA E2;MVT_665;MVT 665
MVT 670 TURBO MOT 1004 4T;MVT_670;MVT 670
MVT 675 TURBO COMFORT LINE MOT 1004 4T;MVT_675;MVT 675
MVT 675 TURBO COMFORT LINE MOT 1004 40T;MVT_675;MVT 675
MVT 675 TURBO COMFORT LINE MOT 1104C 44TA E2;MVT_675;MVT 675
MVT 675 TURBO COMFORT LINE MOT 1104C 44TA E2 ARMEE AUSTRALIE;MVT_675;MVT 675
MVT 680 TURBO MOT 1004 4T;MVT_680;MVT 680
MVT 727 MOT 1004 4;MVT_727;MVT 727
MVT 729 TURBO CONFORT LINE MOT 1104C 44T E2;MVT_729;MVT 729
MVT 729 TURBO CONFORT LINE MOT 1104D 44T E3;MVT_729;MVT 729
MVT 729 TURBO E3;MVT_729;MVT 729
MVT 729 TURBO EVOLUTION S2 E3;MVT_729;MVT 729
MVT 730 100D H LSU ST3B S1;MVT_730;MVT 730
MVT 730 C 100D ST3B S2;MVT_730;MVT 730
MVT 730 MOT 1004 4;MVT_730;MVT 730
MVT 730 TURBO COMFORT LINE MOT 1004 40T;MVT_730;MVT 730
MVT 730 TURBO COMPACT E2;MVT_730;MVT 730
MVT 730 TURBO COMPACT EVOLUTION E3;MVT_730;MVT 730
MVT 730 TURBO COMPACT EVOLUTION S2 E3;MVT_730;MVT 730
MVT 735 TURBO COMFORT LINE MOT 1004 4T;MVT_735;MVT 735
MVT 840;MVT_840;MVT 840
MVT 929 100D H LSU ST3B S1;MVT_929;MVT 929
MVT 929 C 100D ST3B S2;MVT_929;MVT 929
MVT 929 TURBO COMPACT EVOLUTION E3;MVT_929;MVT 929
MVT 929 TURBO COMPACT EVOLUTION S2 E3;MVT_929;MVT 929
MVT 930 ITALIA;MVT_930;MVT 930
MVT 930 TURBO MOT 1004 4T;MVT_930;MVT 930
MVT 930 TUV;MVT_930;MVT 930
MVT 935 TURBO COMFORT LINE MOT 1004 4T;MVT_935;MVT 935
MVT 935 TURBO COMFORT LINE MOT 1004 42;MVT_935;MVT 935
MVT 950 L SERIE M MOT 1004 40T;MVT_950;MVT 950
MVT 1040 L;MVT_1040;MVT 1040
MVT 1130 L;MVT_1130;MVT 1130
MVT 1130 L COMFORT LINE MOT 1004 42;MVT_1130;MVT 1130
MVT 1130 LS;MVT_1130;MVT 1130
MVT 1135 L COMFORT LINE MOT 1004 42;MVT_1135;MVT 1135
MVT 1135 L TURBO COMFORT LINE MOT 1004 4T;MVT_1135;MVT 1135
MVT 1230 L COMFORT LINE MOT 1004 42;MVT_1230;MVT 1230
MVT 1230 LS COMFORT LINE MOT 1004 4;MVT_1230;MVT 1230
MVT 1230 SL TURBO COMFORT LINE MOT 1004 4T;MVT_1230;MVT 1230
MVT 1232 L TURBO SERIE M E2;MVT_1232;MVT 1232
MVT 1330 D;MVT_1330;MVT 1330
MVT 1330 DL COMFORT LINE MOT 1004 42;MVT_1330;MVT 1330
MVT 1330 S MOT 1004 4;MVT_1330;MVT 1330
MVT 1330 S TURBO TUV;MVT_1330;MVT 1330
MVT 1330 SL TURBO COMFORT LINE MOT 1004 4T;MVT_1330;MVT 1330
MVT 1330 SL TURBO COMFORT LINE MOT 1004 40T;MVT_1330;MVT 1330
MVT 1332 SL TURBO ORH SERIE M E2;MVT_1332;MVT 1332
MVT 1332 SL TURBO ORH SERIE M E3;MVT_1332;MVT 1332
MVT 1332 SL TURBO SERIE M E2;MVT_1332;MVT 1332
MVT 1340 L COMFORT LINE MOT 1004 4;MVT_1340;MVT 1340
MVT 1340 L T C;MVT_1340;MVT 1340
MVT 1340 SL TURBO SERIE M E2;MVT_1340;MVT 1340
MVT 1340 SL TURBO SERIE M E3;MVT_1340;MVT 1340
MVT 1340 SL TURBO SERIE M MOT 1004 40T;MVT_1340;MVT 1340
MVT 10100 TURBO COMFORT LINE BELGIO MHO;MVT_10100;MVT 10100
NACELLE 38 AD                 A BRAS ARTICULEE;NACELLE_38;NACELLE 38
NR;_;
NR;-;-
OCCASION CHARGEUSE;OCCASION_CHARGEUSE;OCCASION CHARGEUSE
OCCASION CHARGEUSE U.E.;OCCASION_CHARGEUSE;OCCASION CHARGEUSE
OCCASION MAT;OCCASION_MAT;OCCASION MAT
OCCASION TELESCOPIQUE;OCCASION_TELESCOPIQUE;OCCASION TELESCOPIQUE
P 230                                                      B;P_230;P 230
P 300                                                      B;P_300;P 300
P 340                                                      B;P_340;P 340
P 400                                                      B;P_400;P 400
PROTO MC 18-2 D K ST3A S1;PROTO_MC;PROTO MC
PROTO MT420 (P0280);PROTO_MT420;PROTO MT420
PROTOS;PROTOS_;PROTOS
R 635-4 TC;R_635-4;R 635-4
R 635 4 TC;R_635;R 635
R105;R105_;R105
R135;R135_;R135
R135 - EU;R135_-;R135 -
R150;R150_;R150
R150 - EU;R150_-;R150 -
R165;R165_;R165
R165 - EU;R165_-;R165 -
R165 - X;R165_-;R165 -
R190;R190_;R190
R190 - X;R190_-;R190 -
R190 T4 EU;R190_T4;R190 T4
R190 TR ONLY;R190_TR;R190 TR
R190 UE;R190_UE;R190 UE
R220;R220_;R220
R220 - X;R220_-;R220 -
R220 T4 EU;R220_T4;R220 T4
R220 TR ONLY;R220_TR;R220 TR
R220 UE;R220_UE;R220 UE
R260;R260_;R260
R260 T4 EU;R260_T4;R260 T4
R260 TR ONLY;R260_TR;R260 TR
R260 UE;R260_UE;R260 UE
REACHSTACKER 45T60 DRG450-60S5;REACHSTACKER_45T60;REACHSTACKER 45T60
RT 48 AD 4RM;RT_48;RT 48
RT 175;RT_175;RT 175
RT 210;RT_210;RT 210
RT175 GEN2 EU;RT175_GEN2;RT175 GEN2
RT175 GEN2 T4 EU;RT175_GEN2;RT175 GEN2
RT175 GEN3 T4 EU;RT175_GEN3;RT175 GEN3
RT210 GEN2 EU;RT210_GEN2;RT210 GEN2
RT210 GEN2 T4 EU;RT210_GEN2;RT210 GEN2
RT210 GEN3 T4 EU;RT210_GEN3;RT210 GEN3
S 402 TC-D;S_402;S 402
S 402 TC D;S_402;S 402
S 404 TC D;S_404;S 404
S 502 TC-D;S_502;S 502
S 502 TC D;S_502;S 502
S 504 TC-D;S_504;S 504
S 504 TC D;S_504;S 504
SCALA;SCALA_;SCALA
SL 1640 E;SL_1640;SL 1640
SL 1640E;SL_1640E;SL 1640E
SL 1640E UE;SL_1640E;SL 1640E
SL 1650R X;SL_1650R;SL 1650R
SL 1900R T4 EU;SL_1900R;SL 1900R
SL 2012;SL_2012;SL 2012
SL 2012 EU;SL_2012;SL 2012
SL 2026;SL_2026;SL 2026
SL 2026 EU;SL_2026;SL 2026
SL 2041;SL_2041;SL 2041
SL 2041 EU;SL_2041;SL 2041
SL 2044;SL_2044;SL 2044
SL 2044 EU;SL_2044;SL 2044
SL 2044 TIER III;SL_2044;SL 2044
SL 2054;SL_2054;SL 2054
SL 2054 EU;SL_2054;SL 2054
SL 2056;SL_2056;SL 2056
SL 2056 DXT;SL_2056;SL 2056
SL 2056 S2;SL_2056;SL 2056
SL 2056 S2 EU;SL_2056;SL 2056
SL 2066;SL_2066;SL 2066
SL 2076;SL_2076;SL 2076
SL 2076 EU;SL_2076;SL 2076
SL 2076 TIER 4I;SL_2076;SL 2076
SL 2086;SL_2086;SL 2086
SL 2086 EU;SL_2086;SL 2086
SL 2086 TIER 4I;SL_2086;SL 2086
SL 2200R T4 EU;SL_2200R;SL 2200R
SL 2600R T4 EU;SL_2600R;SL 2600R
SL 2700V;SL_2700V;SL 2700V
SL 2700V EU;SL_2700V;SL 2700V
SL 2700V GEN2 T4EU;SL_2700V;SL 2700V
SL 2700V NXT2 EU;SL_2700V;SL 2700V
SL 2700V TIER 4I;SL_2700V;SL 2700V
SL 2700V X ;SL_2700V;SL 2700V
SL 3300V;SL_3300V;SL 3300V
SL 3300V EU;SL_3300V;SL 3300V
SL 3300V GEN2 T4 EU;SL_3300V;SL 3300V
SL 3300V NXT2 EU ;SL_3300V;SL 3300V
SL 3300V TIER 4I;SL_3300V;SL 3300V
SL 3840E;SL_3840E;SL 3840E
SL 4240E;SL_4240E;SL 4240E
SL 4240E EU;SL_4240E;SL 4240E
SL 4640E P2;SL_4640E;SL 4640E
SL 4640E P2 EU;SL_4640E;SL 4640E
SL 4640E TIER III;SL_4640E;SL 4640E
SL 5240E;SL_5240E;SL 5240E
SL 5240E EU;SL_5240E;SL 5240E
SL 5240E P2;SL_5240E;SL 5240E
SL 5640 E;SL_5640;SL 5640
SL 6640 E;SL_6640;SL 6640
SL 6640E TIER III;SL_6640E;SL 6640E
SL V270;SL_V270;SL V270
SL V270 EU;SL_V270;SL V270
SL V270 GEN2 EU;SL_V270;SL V270
SL V270 GEN2 T4 EU;SL_V270;SL V270
SL V270 X GEN2;SL_V270;SL V270
SL V330;SL_V330;SL V330
SL V330 EU;SL_V330;SL V330
SL V330 GEN2 EU;SL_V330;SL V330
SL V330 GEN2 T4 EU;SL_V330;SL V330
SL V330 X GEN2;SL_V330;SL V330
SLT 415;SLT_415;SLT 415
SLT 415 B;SLT_415;SLT 415
SLT 415 B S2 E2;SLT_415;SLT 415
SLT 415 S2 E2;SLT_415;SLT 415
SLT 420 B S1 E2;SLT_420;SLT 420
STACKY 10;STACKY_10;STACKY 10
STACKY 14;STACKY_14;STACKY 14
STACKY SK 10 S16;STACKY_SK;STACKY SK
STACKY SK 14;STACKY_SK;STACKY SK
STACKY SK10 D28;STACKY_SK10;STACKY SK10
STACKY SK10 LE D28;STACKY_SK10;STACKY SK10
STACKY SK10 LE S16;STACKY_SK10;STACKY SK10
T 170                                                      B;T_170;T 170
T 180                                                      B;T_180;T 180
T 230                                                      B;T_230;T 230
T 240                                                      B;T_240;T 240
T 240 N                                                    B;T_240;T 240
T 330                                                      B;T_330;T 330
T 340                                                      B;T_340;T 340
T 340 N                                                    B;T_340;T 340
T 502 SB;T_502;T 502
T 502 TC D;T_502;T 502
T 502 TC D4;T_502;T 502
T 504 TC D;T_504;T 504
T 602 TC D;T_602;T 602
T 602 TC D4;T_602;T 602
T 602 TC F D;T_602;T 602
T 602 TC F G;T_602;T 602
T 602 TC G;T_602;T 602
T 602 TCP D;T_602;T 602
T 602 TCP D4;T_602;T 602
T 602 TCP DL;T_602;T 602
T 602 TCP DXL;T_602;T 602
T 602 TCP DXL4;T_602;T 602
T 604 TC D;T_604;T 604
T 604 TCP-DXL;T_604;T 604
T 604 TCP D;T_604;T 604
T 604 TCP DL;T_604;T 604
T 604 TCP DXL;T_604;T 604
T 604 TCP DXL4;T_604;T 604
T 802 TC D;T_802;T 802
T 802 TC D4;T_802;T 802
T 802 TC DL;T_802;T 802
T 802 TC G;T_802;T 802
T 802 TCP DL;T_802;T 802
T 804 TC D;T_804;T 804
T 804 TC P D;T_804;T 804
T 1002 TC D;T_1002;T 1002
T 1002 TC D4;T_1002;T 1002
T 1002 TCP;T_1002;T 1002
TD 50;TD_50;TD 50
TD 80;TD_80;TD 80
TD 80 +;TD_80;TD 80
TD 100;TD_100;TD 100
TD 120;TD_120;TD 120
TD 150;TD_150;TD 150
TD 250;TD_250;TD 250
TL 340/440                                                 B;TL_340/440;TL 340/440
TMD 12;TMD_12;TMD 12
TMD 12 3M50;TMD_12;TMD 12
TME 15;TME_15;TME 15
TMM 20 4W S1 E3;TMM_20;TMM 20
TMM 20 4W S1E3;TMM_20;TMM 20
TMM 20 S1 E3;TMM_20;TMM 20
TMM 20 S1E3;TMM_20;TMM 20
TMM 25 4W S1 E3;TMM_25;TMM 25
TMM 25 4W S1E3;TMM_25;TMM 25
TMM 25 S1 E3;TMM_25;TMM 25
TMM 25 S1E3;TMM_25;TMM 25
TMP 5500 HT;TMP_5500;TMP 5500
TMT 20-17 C S1 E2;TMT_20-17;TMT 20-17
TMT 20-20 S S1 E2;TMT_20-20;TMT 20-20
TMT 20-20 SR S1 E2;TMT_20-20;TMT 20-20
TMT 25-15 CR S1 E2;TMT_25-15;TMT 25-15
TMT 25-20 C S1 E2;TMT_25-20;TMT 25-20
TMT 25-20 SR 4W S1 E2;TMT_25-20;TMT 25-20
TMT 25-20 SR 4W XT;TMT_25-20;TMT 25-20
TMT 25-20 SR S1 E2;TMT_25-20;TMT 25-20
TMT 25-20 SR XT S1 E2;TMT_25-20;TMT 25-20
TMT 25-25 S S1 E2;TMT_25-25;TMT 25-25
TMT 25-25 S1 E2;TMT_25-25;TMT 25-25
TMT 25 I S1 E3;TMT_25;TMT 25
TMT 25 I S2 E3;TMT_25;TMT 25
TMT 25 P S2 E3;TMT_25;TMT 25
TMT 25 S 4W S2 E3;TMT_25;TMT 25
TMT 25 S S1 E3;TMT_25;TMT 25
TMT 25 S S2 E3;TMT_25;TMT 25
TMT 27 P S2 E3;TMT_27;TMT 27
TMT 27 S S1 E3;TMT_27;TMT 27
TMT 27 S S2 E3;TMT_27;TMT 27
TMT 55;TMT_55;TMT 55
TMT 55 FL;TMT_55;TMT 55
TMT 55 FL HT;TMT_55;TMT 55
TMT 55 FL XT;TMT_55;TMT 55
TMT 55 HT;TMT_55;TMT 55
TMT 55 XT;TMT_55;TMT 55
TMT 315;TMT_315;TMT 315
TMT 315-3 SIFL;TMT_315-3;TMT 315-3
TMT 315 SIFL;TMT_315;TMT 315
TMT 317 SI;TMT_317;TMT 317
TMT 317 SI RL;TMT_317;TMT 317
TMT 320;TMT_320;TMT 320
TMT 320-3;TMT_320-3;TMT 320-3
TMT 320-3 FL;TMT_320-3;TMT 320-3
TMT 320-3 SI;TMT_320-3;TMT 320-3
TMT 320-3 SIFL;TMT_320-3;TMT 320-3
TMT 320 FL;TMT_320;TMT 320
TMT 320 FL HT;TMT_320;TMT 320
TMT 320 FL HT TURBO USA;TMT_320;TMT 320
TMT 320 FL HT USA;TMT_320;TMT 320
TMT 320 FL TURBO HT;TMT_320;TMT 320
TMT 320 FL USA;TMT_320;TMT 320
TMT 320 HT TURBO USA;TMT_320;TMT 320
TMT 320 HT USA;TMT_320;TMT 320
TMT 320 S;TMT_320;TMT 320
TMT 320 SI;TMT_320;TMT 320
TMT 320 USA;TMT_320;TMT 320
TMT 325;TMT_325;TMT 325
TOYOTA 02 2FD25;TOYOTA_02;TOYOTA 02
TT 241;TT_241;TT 241
TTS 40;TTS_40;TTS 40
U 252                                                      B;U_252;U 252
U 342                                                      B;U_342;U 342
USIMIX 352                                                 B;USIMIX_352;USIMIX 352
V 180                                                      B;V_180;V 180
V 240                                                      B;V_240;V 240
V 340                                                      B;V_340;V 340
V270 BASE UNIT;V270_BASE;V270 BASE
V270 GEN2 TR ONLY;V270_GEN2;V270 GEN2
V330 BASE UNIT;V330_BASE;V330 BASE
V330 GEN2 TR ONLY;V330_GEN2;V330 GEN2
V400;V400_;V400
VL 180                                                     B;VL_180;VL 180
VL 240                                                     B;VL_240;VL 240
